-- MariaDB dump 10.17  Distrib 10.4.13-MariaDB, for Win64 (AMD64)
--
-- Host: localhost    Database: lagu_desa
-- ------------------------------------------------------
-- Server version	10.4.13-MariaDB

/*!40101 SET @OLD_CHARACTER_SET_CLIENT=@@CHARACTER_SET_CLIENT */;
/*!40101 SET @OLD_CHARACTER_SET_RESULTS=@@CHARACTER_SET_RESULTS */;
/*!40101 SET @OLD_COLLATION_CONNECTION=@@COLLATION_CONNECTION */;
/*!40101 SET NAMES utf8mb4 */;
/*!40103 SET @OLD_TIME_ZONE=@@TIME_ZONE */;
/*!40103 SET TIME_ZONE='+00:00' */;
/*!40014 SET @OLD_UNIQUE_CHECKS=@@UNIQUE_CHECKS, UNIQUE_CHECKS=0 */;
/*!40014 SET @OLD_FOREIGN_KEY_CHECKS=@@FOREIGN_KEY_CHECKS, FOREIGN_KEY_CHECKS=0 */;
/*!40101 SET @OLD_SQL_MODE=@@SQL_MODE, SQL_MODE='NO_AUTO_VALUE_ON_ZERO' */;
/*!40111 SET @OLD_SQL_NOTES=@@SQL_NOTES, SQL_NOTES=0 */;

--
-- Table structure for table `__ci_sessions`
--

DROP TABLE IF EXISTS `__ci_sessions`;
/*!40101 SET @saved_cs_client     = @@character_set_client */;
/*!40101 SET character_set_client = utf8 */;
CREATE TABLE `__ci_sessions` (
  `id` varchar(128) NOT NULL,
  `ip_address` varchar(45) NOT NULL,
  `timestamp` int(10) unsigned NOT NULL DEFAULT 0,
  `data` blob NOT NULL,
  PRIMARY KEY (`id`) USING BTREE,
  KEY `ci_sessions_timestamp` (`timestamp`) USING BTREE
) ENGINE=InnoDB DEFAULT CHARSET=latin1 ROW_FORMAT=COMPACT;
/*!40101 SET character_set_client = @saved_cs_client */;

--
-- Dumping data for table `__ci_sessions`
--

LOCK TABLES `__ci_sessions` WRITE;
/*!40000 ALTER TABLE `__ci_sessions` DISABLE KEYS */;
/*!40000 ALTER TABLE `__ci_sessions` ENABLE KEYS */;
UNLOCK TABLES;

--
-- Table structure for table `_roles`
--

DROP TABLE IF EXISTS `_roles`;
/*!40101 SET @saved_cs_client     = @@character_set_client */;
/*!40101 SET character_set_client = utf8 */;
CREATE TABLE `_roles` (
  `id_role` int(11) NOT NULL AUTO_INCREMENT,
  `role_name` varchar(200) DEFAULT NULL,
  PRIMARY KEY (`id_role`)
) ENGINE=InnoDB AUTO_INCREMENT=3 DEFAULT CHARSET=utf8mb4;
/*!40101 SET character_set_client = @saved_cs_client */;

--
-- Dumping data for table `_roles`
--

LOCK TABLES `_roles` WRITE;
/*!40000 ALTER TABLE `_roles` DISABLE KEYS */;
INSERT INTO `_roles` VALUES (1,'admin'),(2,'general_user');
/*!40000 ALTER TABLE `_roles` ENABLE KEYS */;
UNLOCK TABLES;

--
-- Table structure for table `_trash`
--

DROP TABLE IF EXISTS `_trash`;
/*!40101 SET @saved_cs_client     = @@character_set_client */;
/*!40101 SET character_set_client = utf8 */;
CREATE TABLE `_trash` (
  `id_trash` int(200) NOT NULL AUTO_INCREMENT,
  `table` varchar(200) DEFAULT NULL,
  `param` text DEFAULT NULL,
  `created_at` timestamp NOT NULL DEFAULT current_timestamp(),
  PRIMARY KEY (`id_trash`)
) ENGINE=InnoDB AUTO_INCREMENT=7 DEFAULT CHARSET=utf8mb4;
/*!40101 SET character_set_client = @saved_cs_client */;

--
-- Dumping data for table `_trash`
--

LOCK TABLES `_trash` WRITE;
/*!40000 ALTER TABLE `_trash` DISABLE KEYS */;
INSERT INTO `_trash` VALUES (1,'desa','{\"id_desa\":\"1\",\"id_kecamatan\":\"35.9.01\",\"nama_desa\":\"PADOMASAN\"}','2021-06-10 02:54:52'),(2,'kecamatan','{\"id_kecamatan\":\"35.9.01\",\"nama_kecamatan\":\"JOMBANG\"}','2021-06-10 02:59:55'),(3,'_user','{\"id_user\":\"1\",\"username\":\"admin\",\"email\":\"admin@admin.com\",\"password\":\"21232f297a57a5a743894a0e4a801fc3\",\"fullname\":\"administrator\",\"whatsapp\":\"085330067932\",\"id_role\":\"1\",\"id_desa\":null,\"lock\":\"Y\"}','2021-06-10 04:02:29'),(4,'_user','{\"id_user\":\"1\",\"username\":\"admin\",\"email\":\"admin@admin.com\",\"password\":\"21232f297a57a5a743894a0e4a801fc3\",\"fullname\":\"administrator\",\"whatsapp\":\"085330067932\",\"id_role\":\"1\",\"id_desa\":null,\"lock\":\"Y\"}','2021-06-10 04:02:30'),(5,'_user','{\"id_user\":\"252\",\"username\":\"haris\",\"email\":\"haris@mail.com\",\"password\":\"c8910b7ee4d388d81bffee5cd963c41f\",\"fullname\":\"haris\",\"whatsapp\":\"123123123123\",\"id_role\":\"2\",\"id_desa\":\"62\",\"lock\":\"N\"}','2021-06-10 06:25:24'),(6,'_user','[]','2021-06-10 06:25:24');
/*!40000 ALTER TABLE `_trash` ENABLE KEYS */;
UNLOCK TABLES;

--
-- Table structure for table `_user`
--

DROP TABLE IF EXISTS `_user`;
/*!40101 SET @saved_cs_client     = @@character_set_client */;
/*!40101 SET character_set_client = utf8 */;
CREATE TABLE `_user` (
  `id_user` int(11) NOT NULL AUTO_INCREMENT,
  `username` varchar(200) DEFAULT NULL,
  `email` varchar(200) DEFAULT NULL,
  `password` varchar(200) DEFAULT NULL,
  `fullname` varchar(200) DEFAULT NULL,
  `whatsapp` varchar(200) DEFAULT NULL,
  `id_role` int(11) DEFAULT NULL,
  `id_desa` int(11) DEFAULT NULL,
  `lock` enum('Y','N') NOT NULL DEFAULT 'N',
  PRIMARY KEY (`id_user`)
) ENGINE=InnoDB AUTO_INCREMENT=253 DEFAULT CHARSET=utf8mb4;
/*!40101 SET character_set_client = @saved_cs_client */;

--
-- Dumping data for table `_user`
--

LOCK TABLES `_user` WRITE;
/*!40000 ALTER TABLE `_user` DISABLE KEYS */;
INSERT INTO `_user` VALUES (1,'admin','admin@admin.com','21232f297a57a5a743894a0e4a801fc3','administrator','085330067932',1,130,'Y'),(4,'padomasan_jombang','padomasan_jombang@jemberkab.go.id','d19e0b5e2933194174ab49c2d3db94b2','padomasan_jombang',NULL,2,1,'N'),(5,'keting_jombang','keting_jombang@jemberkab.go.id','d19e0b5e2933194174ab49c2d3db94b2','keting_jombang',NULL,2,2,'N'),(6,'jombang_jombang','jombang_jombang@jemberkab.go.id','d19e0b5e2933194174ab49c2d3db94b2','jombang_jombang',NULL,2,3,'N'),(7,'ngampelrejo_jombang','ngampelrejo_jombang@jemberkab.go.id','d19e0b5e2933194174ab49c2d3db94b2','ngampelrejo_jombang',NULL,2,4,'N'),(8,'wringinagung_jombang','wringinagung_jombang@jemberkab.go.id','d19e0b5e2933194174ab49c2d3db94b2','wringinagung_jombang',NULL,2,5,'N'),(9,'sarimulyo_jombang','sarimulyo_jombang@jemberkab.go.id','d19e0b5e2933194174ab49c2d3db94b2','sarimulyo_jombang',NULL,2,6,'N'),(10,'cakru_kencong','cakru_kencong@jemberkab.go.id','d19e0b5e2933194174ab49c2d3db94b2','cakru_kencong',NULL,2,7,'N'),(11,'paseban_kencong','paseban_kencong@jemberkab.go.id','d19e0b5e2933194174ab49c2d3db94b2','paseban_kencong',NULL,2,8,'N'),(12,'kraton_kencong','kraton_kencong@jemberkab.go.id','d19e0b5e2933194174ab49c2d3db94b2','kraton_kencong',NULL,2,9,'N'),(13,'kencong_kencong','kencong_kencong@jemberkab.go.id','d19e0b5e2933194174ab49c2d3db94b2','kencong_kencong',NULL,2,10,'N'),(14,'wonorejo_kencong','wonorejo_kencong@jemberkab.go.id','d19e0b5e2933194174ab49c2d3db94b2','wonorejo_kencong',NULL,2,11,'N'),(15,'jamintoro_sumberbaru','jamintoro_sumberbaru@jemberkab.go.id','d19e0b5e2933194174ab49c2d3db94b2','jamintoro_sumberbaru',NULL,2,12,'N'),(16,'jatiroto_sumberbaru','jatiroto_sumberbaru@jemberkab.go.id','d19e0b5e2933194174ab49c2d3db94b2','jatiroto_sumberbaru',NULL,2,13,'N'),(17,'kaliglagah_sumberbaru','kaliglagah_sumberbaru@jemberkab.go.id','d19e0b5e2933194174ab49c2d3db94b2','kaliglagah_sumberbaru',NULL,2,14,'N'),(18,'jambesari_sumberbaru','jambesari_sumberbaru@jemberkab.go.id','d19e0b5e2933194174ab49c2d3db94b2','jambesari_sumberbaru',NULL,2,15,'N'),(19,'yosorati_sumberbaru','yosorati_sumberbaru@jemberkab.go.id','d19e0b5e2933194174ab49c2d3db94b2','yosorati_sumberbaru',NULL,2,16,'N'),(20,'sumberagung_sumberbaru','sumberagung_sumberbaru@jemberkab.go.id','d19e0b5e2933194174ab49c2d3db94b2','sumberagung_sumberbaru',NULL,2,17,'N'),(21,'gelang_sumberbaru','gelang_sumberbaru@jemberkab.go.id','d19e0b5e2933194174ab49c2d3db94b2','gelang_sumberbaru',NULL,2,18,'N'),(22,'rowotengah_sumberbaru','rowotengah_sumberbaru@jemberkab.go.id','d19e0b5e2933194174ab49c2d3db94b2','rowotengah_sumberbaru',NULL,2,19,'N'),(23,'pringgowirawan_sumberbaru','pringgowirawan_sumberbaru@jemberkab.go.id','d19e0b5e2933194174ab49c2d3db94b2','pringgowirawan_sumberbaru',NULL,2,20,'N'),(24,'karangbayat_sumberbaru','karangbayat_sumberbaru@jemberkab.go.id','d19e0b5e2933194174ab49c2d3db94b2','karangbayat_sumberbaru',NULL,2,21,'N'),(25,'kepanjen_gumukmas','kepanjen_gumukmas@jemberkab.go.id','d19e0b5e2933194174ab49c2d3db94b2','kepanjen_gumukmas',NULL,2,22,'N'),(26,'mayangan_gumukmas','mayangan_gumukmas@jemberkab.go.id','d19e0b5e2933194174ab49c2d3db94b2','mayangan_gumukmas',NULL,2,23,'N'),(27,'gumukmas_gumukmas','gumukmas_gumukmas@jemberkab.go.id','d19e0b5e2933194174ab49c2d3db94b2','gumukmas_gumukmas',NULL,2,24,'N'),(28,'menampu_gumukmas','menampu_gumukmas@jemberkab.go.id','d19e0b5e2933194174ab49c2d3db94b2','menampu_gumukmas',NULL,2,25,'N'),(29,'tembokrejo_gumukmas','tembokrejo_gumukmas@jemberkab.go.id','d19e0b5e2933194174ab49c2d3db94b2','tembokrejo_gumukmas',NULL,2,26,'N'),(30,'purwoasri_gumukmas','purwoasri_gumukmas@jemberkab.go.id','d19e0b5e2933194174ab49c2d3db94b2','purwoasri_gumukmas',NULL,2,27,'N'),(31,'bagorejo_gumukmas','bagorejo_gumukmas@jemberkab.go.id','d19e0b5e2933194174ab49c2d3db94b2','bagorejo_gumukmas',NULL,2,28,'N'),(32,'karangrejo_gumukmas','karangrejo_gumukmas@jemberkab.go.id','d19e0b5e2933194174ab49c2d3db94b2','karangrejo_gumukmas',NULL,2,29,'N'),(33,'sukoreno_umbulsari','sukoreno_umbulsari@jemberkab.go.id','d19e0b5e2933194174ab49c2d3db94b2','sukoreno_umbulsari',NULL,2,30,'N'),(34,'sidorejo_umbulsari','sidorejo_umbulsari@jemberkab.go.id','d19e0b5e2933194174ab49c2d3db94b2','sidorejo_umbulsari',NULL,2,31,'N'),(35,'gunungsari_umbulsari','gunungsari_umbulsari@jemberkab.go.id','d19e0b5e2933194174ab49c2d3db94b2','gunungsari_umbulsari',NULL,2,32,'N'),(36,'gadingrejo_umbulsari','gadingrejo_umbulsari@jemberkab.go.id','d19e0b5e2933194174ab49c2d3db94b2','gadingrejo_umbulsari',NULL,2,33,'N'),(37,'umbulrejo_umbulsari','umbulrejo_umbulsari@jemberkab.go.id','d19e0b5e2933194174ab49c2d3db94b2','umbulrejo_umbulsari',NULL,2,34,'N'),(38,'umbulsari_umbulsari','umbulsari_umbulsari@jemberkab.go.id','d19e0b5e2933194174ab49c2d3db94b2','umbulsari_umbulsari',NULL,2,35,'N'),(39,'tanjungsari_umbulsari','tanjungsari_umbulsari@jemberkab.go.id','d19e0b5e2933194174ab49c2d3db94b2','tanjungsari_umbulsari',NULL,2,36,'N'),(40,'tegalwangi_umbulsari','tegalwangi_umbulsari@jemberkab.go.id','d19e0b5e2933194174ab49c2d3db94b2','tegalwangi_umbulsari',NULL,2,37,'N'),(41,'paleran_umbulsari','paleran_umbulsari@jemberkab.go.id','d19e0b5e2933194174ab49c2d3db94b2','paleran_umbulsari',NULL,2,38,'N'),(42,'mundurejo_umbulsari','mundurejo_umbulsari@jemberkab.go.id','d19e0b5e2933194174ab49c2d3db94b2','mundurejo_umbulsari',NULL,2,39,'N'),(43,'tanggulkulon_tanggul','tanggulkulon_tanggul@jemberkab.go.id','d19e0b5e2933194174ab49c2d3db94b2','tanggulkulon_tanggul',NULL,2,40,'N'),(44,'tanggulwetan_tanggul','tanggulwetan_tanggul@jemberkab.go.id','d19e0b5e2933194174ab49c2d3db94b2','tanggulwetan_tanggul',NULL,2,41,'N'),(45,'patemon_tanggul','patemon_tanggul@jemberkab.go.id','d19e0b5e2933194174ab49c2d3db94b2','patemon_tanggul',NULL,2,42,'N'),(46,'darungan_tanggul','darungan_tanggul@jemberkab.go.id','d19e0b5e2933194174ab49c2d3db94b2','darungan_tanggul',NULL,2,43,'N'),(47,'manggisan_tanggul','manggisan_tanggul@jemberkab.go.id','d19e0b5e2933194174ab49c2d3db94b2','manggisan_tanggul',NULL,2,44,'N'),(48,'selodakon_tanggul','selodakon_tanggul@jemberkab.go.id','d19e0b5e2933194174ab49c2d3db94b2','selodakon_tanggul',NULL,2,45,'N'),(49,'kramatsukoharjo_tanggul','kramatsukoharjo_tanggul@jemberkab.go.id','d19e0b5e2933194174ab49c2d3db94b2','kramatsukoharjo_tanggul',NULL,2,46,'N'),(50,'klatakan_tanggul','klatakan_tanggul@jemberkab.go.id','d19e0b5e2933194174ab49c2d3db94b2','klatakan_tanggul',NULL,2,47,'N'),(51,'pondokjoyo_semboro','pondokjoyo_semboro@jemberkab.go.id','d19e0b5e2933194174ab49c2d3db94b2','pondokjoyo_semboro',NULL,2,48,'N'),(52,'pondokdalem_semboro','pondokdalem_semboro@jemberkab.go.id','d19e0b5e2933194174ab49c2d3db94b2','pondokdalem_semboro',NULL,2,49,'N'),(53,'rejoagung_semboro','rejoagung_semboro@jemberkab.go.id','d19e0b5e2933194174ab49c2d3db94b2','rejoagung_semboro',NULL,2,50,'N'),(54,'semboro_semboro','semboro_semboro@jemberkab.go.id','d19e0b5e2933194174ab49c2d3db94b2','semboro_semboro',NULL,2,51,'N'),(55,'sidomekar_semboro','sidomekar_semboro@jemberkab.go.id','d19e0b5e2933194174ab49c2d3db94b2','sidomekar_semboro',NULL,2,52,'N'),(56,'sidomulyo_semboro','sidomulyo_semboro@jemberkab.go.id','d19e0b5e2933194174ab49c2d3db94b2','sidomulyo_semboro',NULL,2,53,'N'),(57,'mlokorejo_puger','mlokorejo_puger@jemberkab.go.id','d19e0b5e2933194174ab49c2d3db94b2','mlokorejo_puger',NULL,2,54,'N'),(58,'mojomulyo_puger','mojomulyo_puger@jemberkab.go.id','d19e0b5e2933194174ab49c2d3db94b2','mojomulyo_puger',NULL,2,55,'N'),(59,'mojosari_puger','mojosari_puger@jemberkab.go.id','d19e0b5e2933194174ab49c2d3db94b2','mojosari_puger',NULL,2,56,'N'),(60,'pugerkulon_puger','pugerkulon_puger@jemberkab.go.id','d19e0b5e2933194174ab49c2d3db94b2','pugerkulon_puger',NULL,2,57,'N'),(61,'wringintelu_puger','wringintelu_puger@jemberkab.go.id','d19e0b5e2933194174ab49c2d3db94b2','wringintelu_puger',NULL,2,58,'N'),(62,'kasiyan_puger','kasiyan_puger@jemberkab.go.id','d19e0b5e2933194174ab49c2d3db94b2','kasiyan_puger',NULL,2,59,'N'),(63,'bagon_puger','bagon_puger@jemberkab.go.id','d19e0b5e2933194174ab49c2d3db94b2','bagon_puger',NULL,2,60,'N'),(64,'kasiyantimur_puger','kasiyantimur_puger@jemberkab.go.id','d19e0b5e2933194174ab49c2d3db94b2','kasiyantimur_puger',NULL,2,61,'N'),(65,'wonosari_puger','wonosari_puger@jemberkab.go.id','d19e0b5e2933194174ab49c2d3db94b2','wonosari_puger',NULL,2,62,'N'),(66,'jambearum_puger','jambearum_puger@jemberkab.go.id','d19e0b5e2933194174ab49c2d3db94b2','jambearum_puger',NULL,2,63,'N'),(67,'grenden_puger','grenden_puger@jemberkab.go.id','d19e0b5e2933194174ab49c2d3db94b2','grenden_puger',NULL,2,64,'N'),(68,'pugerwetan_puger','pugerwetan_puger@jemberkab.go.id','d19e0b5e2933194174ab49c2d3db94b2','pugerwetan_puger',NULL,2,65,'N'),(69,'curahkalong_bangsalsari','curahkalong_bangsalsari@jemberkab.go.id','d19e0b5e2933194174ab49c2d3db94b2','curahkalong_bangsalsari',NULL,2,66,'N'),(70,'gambirono_bangsalsari','gambirono_bangsalsari@jemberkab.go.id','d19e0b5e2933194174ab49c2d3db94b2','gambirono_bangsalsari',NULL,2,67,'N'),(71,'bangsalsari_bangsalsari','bangsalsari_bangsalsari@jemberkab.go.id','d19e0b5e2933194174ab49c2d3db94b2','bangsalsari_bangsalsari',NULL,2,68,'N'),(72,'tugusari_bangsalsari','tugusari_bangsalsari@jemberkab.go.id','d19e0b5e2933194174ab49c2d3db94b2','tugusari_bangsalsari',NULL,2,69,'N'),(73,'karangsono_bangsalsari','karangsono_bangsalsari@jemberkab.go.id','d19e0b5e2933194174ab49c2d3db94b2','karangsono_bangsalsari',NULL,2,70,'N'),(74,'sukorejo_bangsalsari','sukorejo_bangsalsari@jemberkab.go.id','d19e0b5e2933194174ab49c2d3db94b2','sukorejo_bangsalsari',NULL,2,71,'N'),(75,'langkap_bangsalsari','langkap_bangsalsari@jemberkab.go.id','d19e0b5e2933194174ab49c2d3db94b2','langkap_bangsalsari',NULL,2,72,'N'),(76,'tisnogambar_bangsalsari','tisnogambar_bangsalsari@jemberkab.go.id','d19e0b5e2933194174ab49c2d3db94b2','tisnogambar_bangsalsari',NULL,2,73,'N'),(77,'petung_bangsalsari','petung_bangsalsari@jemberkab.go.id','d19e0b5e2933194174ab49c2d3db94b2','petung_bangsalsari',NULL,2,74,'N'),(78,'banjarsari_bangsalsari','banjarsari_bangsalsari@jemberkab.go.id','d19e0b5e2933194174ab49c2d3db94b2','banjarsari_bangsalsari',NULL,2,75,'N'),(79,'badean_bangsalsari','badean_bangsalsari@jemberkab.go.id','d19e0b5e2933194174ab49c2d3db94b2','badean_bangsalsari',NULL,2,76,'N'),(80,'karangduren_balung','karangduren_balung@jemberkab.go.id','d19e0b5e2933194174ab49c2d3db94b2','karangduren_balung',NULL,2,77,'N'),(81,'karangsemanding_balung','karangsemanding_balung@jemberkab.go.id','d19e0b5e2933194174ab49c2d3db94b2','karangsemanding_balung',NULL,2,78,'N'),(82,'tutul_balung','tutul_balung@jemberkab.go.id','d19e0b5e2933194174ab49c2d3db94b2','tutul_balung',NULL,2,79,'N'),(83,'balungkulon_balung','balungkulon_balung@jemberkab.go.id','d19e0b5e2933194174ab49c2d3db94b2','balungkulon_balung',NULL,2,80,'N'),(84,'balunglor_balung','balunglor_balung@jemberkab.go.id','d19e0b5e2933194174ab49c2d3db94b2','balunglor_balung',NULL,2,81,'N'),(85,'balungkidul_balung','balungkidul_balung@jemberkab.go.id','d19e0b5e2933194174ab49c2d3db94b2','balungkidul_balung',NULL,2,82,'N'),(86,'curahlele_balung','curahlele_balung@jemberkab.go.id','d19e0b5e2933194174ab49c2d3db94b2','curahlele_balung',NULL,2,83,'N'),(87,'gumelar_balung','gumelar_balung@jemberkab.go.id','d19e0b5e2933194174ab49c2d3db94b2','gumelar_balung',NULL,2,84,'N'),(88,'lojejer_wuluhan','lojejer_wuluhan@jemberkab.go.id','d19e0b5e2933194174ab49c2d3db94b2','lojejer_wuluhan',NULL,2,85,'N'),(89,'ampel_wuluhan','ampel_wuluhan@jemberkab.go.id','d19e0b5e2933194174ab49c2d3db94b2','ampel_wuluhan',NULL,2,86,'N'),(90,'tamansari_wuluhan','tamansari_wuluhan@jemberkab.go.id','d19e0b5e2933194174ab49c2d3db94b2','tamansari_wuluhan',NULL,2,87,'N'),(91,'dukuhdempok_wuluhan','dukuhdempok_wuluhan@jemberkab.go.id','d19e0b5e2933194174ab49c2d3db94b2','dukuhdempok_wuluhan',NULL,2,88,'N'),(92,'glundengan_wuluhan','glundengan_wuluhan@jemberkab.go.id','d19e0b5e2933194174ab49c2d3db94b2','glundengan_wuluhan',NULL,2,89,'N'),(93,'tanjungrejo_wuluhan','tanjungrejo_wuluhan@jemberkab.go.id','d19e0b5e2933194174ab49c2d3db94b2','tanjungrejo_wuluhan',NULL,2,90,'N'),(94,'kesilir_wuluhan','kesilir_wuluhan@jemberkab.go.id','d19e0b5e2933194174ab49c2d3db94b2','kesilir_wuluhan',NULL,2,91,'N'),(95,'tegalsari_ambulu','tegalsari_ambulu@jemberkab.go.id','d19e0b5e2933194174ab49c2d3db94b2','tegalsari_ambulu',NULL,2,92,'N'),(96,'sabrang_ambulu','sabrang_ambulu@jemberkab.go.id','d19e0b5e2933194174ab49c2d3db94b2','sabrang_ambulu',NULL,2,93,'N'),(97,'sumberrejo_ambulu','sumberrejo_ambulu@jemberkab.go.id','d19e0b5e2933194174ab49c2d3db94b2','sumberrejo_ambulu',NULL,2,94,'N'),(98,'ambulu_ambulu','ambulu_ambulu@jemberkab.go.id','d19e0b5e2933194174ab49c2d3db94b2','ambulu_ambulu',NULL,2,95,'N'),(99,'karanganyar_ambulu','karanganyar_ambulu@jemberkab.go.id','d19e0b5e2933194174ab49c2d3db94b2','karanganyar_ambulu',NULL,2,96,'N'),(100,'andongsari_ambulu','andongsari_ambulu@jemberkab.go.id','d19e0b5e2933194174ab49c2d3db94b2','andongsari_ambulu',NULL,2,97,'N'),(101,'pontang_ambulu','pontang_ambulu@jemberkab.go.id','d19e0b5e2933194174ab49c2d3db94b2','pontang_ambulu',NULL,2,98,'N'),(102,'nogosari_rambipuji','nogosari_rambipuji@jemberkab.go.id','d19e0b5e2933194174ab49c2d3db94b2','nogosari_rambipuji',NULL,2,99,'N'),(103,'curahmalang_rambipuji','curahmalang_rambipuji@jemberkab.go.id','d19e0b5e2933194174ab49c2d3db94b2','curahmalang_rambipuji',NULL,2,100,'N'),(104,'rowotamtu_rambipuji','rowotamtu_rambipuji@jemberkab.go.id','d19e0b5e2933194174ab49c2d3db94b2','rowotamtu_rambipuji',NULL,2,101,'N'),(105,'kaliwining_rambipuji','kaliwining_rambipuji@jemberkab.go.id','d19e0b5e2933194174ab49c2d3db94b2','kaliwining_rambipuji',NULL,2,102,'N'),(106,'pecoro_rambipuji','pecoro_rambipuji@jemberkab.go.id','d19e0b5e2933194174ab49c2d3db94b2','pecoro_rambipuji',NULL,2,103,'N'),(107,'rambipuji_rambipuji','rambipuji_rambipuji@jemberkab.go.id','d19e0b5e2933194174ab49c2d3db94b2','rambipuji_rambipuji',NULL,2,104,'N'),(108,'gugut_rambipuji','gugut_rambipuji@jemberkab.go.id','d19e0b5e2933194174ab49c2d3db94b2','gugut_rambipuji',NULL,2,105,'N'),(109,'rambigundam_rambipuji','rambigundam_rambipuji@jemberkab.go.id','d19e0b5e2933194174ab49c2d3db94b2','rambigundam_rambipuji',NULL,2,106,'N'),(110,'pakis_panti','pakis_panti@jemberkab.go.id','d19e0b5e2933194174ab49c2d3db94b2','pakis_panti',NULL,2,107,'N'),(111,'kemuningsarilor_panti','kemuningsarilor_panti@jemberkab.go.id','d19e0b5e2933194174ab49c2d3db94b2','kemuningsarilor_panti',NULL,2,108,'N'),(112,'panti_panti','panti_panti@jemberkab.go.id','d19e0b5e2933194174ab49c2d3db94b2','panti_panti',NULL,2,109,'N'),(113,'glagahwero_panti','glagahwero_panti@jemberkab.go.id','d19e0b5e2933194174ab49c2d3db94b2','glagahwero_panti',NULL,2,110,'N'),(114,'suci_panti','suci_panti@jemberkab.go.id','d19e0b5e2933194174ab49c2d3db94b2','suci_panti',NULL,2,111,'N'),(115,'kemiri_panti','kemiri_panti@jemberkab.go.id','d19e0b5e2933194174ab49c2d3db94b2','kemiri_panti',NULL,2,112,'N'),(116,'serut_panti','serut_panti@jemberkab.go.id','d19e0b5e2933194174ab49c2d3db94b2','serut_panti',NULL,2,113,'N'),(117,'jubung_sukorambi','jubung_sukorambi@jemberkab.go.id','d19e0b5e2933194174ab49c2d3db94b2','jubung_sukorambi',NULL,2,114,'N'),(118,'dukuhmencek_sukorambi','dukuhmencek_sukorambi@jemberkab.go.id','d19e0b5e2933194174ab49c2d3db94b2','dukuhmencek_sukorambi',NULL,2,115,'N'),(119,'sukorambi_sukorambi','sukorambi_sukorambi@jemberkab.go.id','d19e0b5e2933194174ab49c2d3db94b2','sukorambi_sukorambi',NULL,2,116,'N'),(120,'karangpring_sukorambi','karangpring_sukorambi@jemberkab.go.id','d19e0b5e2933194174ab49c2d3db94b2','karangpring_sukorambi',NULL,2,117,'N'),(121,'klungkung_sukorambi','klungkung_sukorambi@jemberkab.go.id','d19e0b5e2933194174ab49c2d3db94b2','klungkung_sukorambi',NULL,2,118,'N'),(122,'kemuningsarikidul_jenggawah','kemuningsarikidul_jenggawah@jemberkab.go.id','d19e0b5e2933194174ab49c2d3db94b2','kemuningsarikidul_jenggawah',NULL,2,119,'N'),(123,'wonojati_jenggawah','wonojati_jenggawah@jemberkab.go.id','d19e0b5e2933194174ab49c2d3db94b2','wonojati_jenggawah',NULL,2,120,'N'),(124,'jenggawah_jenggawah','jenggawah_jenggawah@jemberkab.go.id','d19e0b5e2933194174ab49c2d3db94b2','jenggawah_jenggawah',NULL,2,121,'N'),(125,'kertonegoro_jenggawah','kertonegoro_jenggawah@jemberkab.go.id','d19e0b5e2933194174ab49c2d3db94b2','kertonegoro_jenggawah',NULL,2,122,'N'),(126,'sruni_jenggawah','sruni_jenggawah@jemberkab.go.id','d19e0b5e2933194174ab49c2d3db94b2','sruni_jenggawah',NULL,2,123,'N'),(127,'jatisari_jenggawah','jatisari_jenggawah@jemberkab.go.id','d19e0b5e2933194174ab49c2d3db94b2','jatisari_jenggawah',NULL,2,124,'N'),(128,'jatimulyo_jenggawah','jatimulyo_jenggawah@jemberkab.go.id','d19e0b5e2933194174ab49c2d3db94b2','jatimulyo_jenggawah',NULL,2,125,'N'),(129,'cangkring_jenggawah','cangkring_jenggawah@jemberkab.go.id','d19e0b5e2933194174ab49c2d3db94b2','cangkring_jenggawah',NULL,2,126,'N'),(130,'sukamakmur_ajung','sukamakmur_ajung@jemberkab.go.id','d19e0b5e2933194174ab49c2d3db94b2','sukamakmur_ajung',NULL,2,127,'N'),(131,'mangaran_ajung','mangaran_ajung@jemberkab.go.id','d19e0b5e2933194174ab49c2d3db94b2','mangaran_ajung',NULL,2,128,'N'),(132,'pancakarya_ajung','pancakarya_ajung@jemberkab.go.id','d19e0b5e2933194174ab49c2d3db94b2','pancakarya_ajung',NULL,2,129,'N'),(133,'ajung_ajung','ajung_ajung@jemberkab.go.id','d19e0b5e2933194174ab49c2d3db94b2','ajung_ajung',NULL,2,130,'N'),(134,'klompangan_ajung','klompangan_ajung@jemberkab.go.id','d19e0b5e2933194174ab49c2d3db94b2','klompangan_ajung',NULL,2,131,'N'),(135,'wirowongso_ajung','wirowongso_ajung@jemberkab.go.id','d19e0b5e2933194174ab49c2d3db94b2','wirowongso_ajung',NULL,2,132,'N'),(136,'rowoindah_ajung','rowoindah_ajung@jemberkab.go.id','d19e0b5e2933194174ab49c2d3db94b2','rowoindah_ajung',NULL,2,133,'N'),(137,'sidodadi_tempurejo','sidodadi_tempurejo@jemberkab.go.id','d19e0b5e2933194174ab49c2d3db94b2','sidodadi_tempurejo',NULL,2,134,'N'),(138,'tempurejo_tempurejo','tempurejo_tempurejo@jemberkab.go.id','d19e0b5e2933194174ab49c2d3db94b2','tempurejo_tempurejo',NULL,2,135,'N'),(139,'andongrejo_tempurejo','andongrejo_tempurejo@jemberkab.go.id','d19e0b5e2933194174ab49c2d3db94b2','andongrejo_tempurejo',NULL,2,136,'N'),(140,'pondokrejo_tempurejo','pondokrejo_tempurejo@jemberkab.go.id','d19e0b5e2933194174ab49c2d3db94b2','pondokrejo_tempurejo',NULL,2,137,'N'),(141,'wonoasri_tempurejo','wonoasri_tempurejo@jemberkab.go.id','d19e0b5e2933194174ab49c2d3db94b2','wonoasri_tempurejo',NULL,2,138,'N'),(142,'curahnongko_tempurejo','curahnongko_tempurejo@jemberkab.go.id','d19e0b5e2933194174ab49c2d3db94b2','curahnongko_tempurejo',NULL,2,139,'N'),(143,'curahtakir_tempurejo','curahtakir_tempurejo@jemberkab.go.id','d19e0b5e2933194174ab49c2d3db94b2','curahtakir_tempurejo',NULL,2,140,'N'),(144,'sanenrejo_tempurejo','sanenrejo_tempurejo@jemberkab.go.id','d19e0b5e2933194174ab49c2d3db94b2','sanenrejo_tempurejo',NULL,2,141,'N'),(145,'mangli_kaliwates','mangli_kaliwates@jemberkab.go.id','d19e0b5e2933194174ab49c2d3db94b2','mangli_kaliwates',NULL,2,142,'N'),(146,'sempusari_kaliwates','sempusari_kaliwates@jemberkab.go.id','d19e0b5e2933194174ab49c2d3db94b2','sempusari_kaliwates',NULL,2,143,'N'),(147,'kebonagung_kaliwates','kebonagung_kaliwates@jemberkab.go.id','d19e0b5e2933194174ab49c2d3db94b2','kebonagung_kaliwates',NULL,2,144,'N'),(148,'kaliwates_kaliwates','kaliwates_kaliwates@jemberkab.go.id','d19e0b5e2933194174ab49c2d3db94b2','kaliwates_kaliwates',NULL,2,145,'N'),(149,'jemberkidul_kaliwates','jemberkidul_kaliwates@jemberkab.go.id','d19e0b5e2933194174ab49c2d3db94b2','jemberkidul_kaliwates',NULL,2,146,'N'),(150,'kepatihan_kaliwates','kepatihan_kaliwates@jemberkab.go.id','d19e0b5e2933194174ab49c2d3db94b2','kepatihan_kaliwates',NULL,2,147,'N'),(151,'tegalbesar_kaliwates','tegalbesar_kaliwates@jemberkab.go.id','d19e0b5e2933194174ab49c2d3db94b2','tegalbesar_kaliwates',NULL,2,148,'N'),(152,'banjarsengon_patrang','banjarsengon_patrang@jemberkab.go.id','d19e0b5e2933194174ab49c2d3db94b2','banjarsengon_patrang',NULL,2,149,'N'),(153,'jumerto_patrang','jumerto_patrang@jemberkab.go.id','d19e0b5e2933194174ab49c2d3db94b2','jumerto_patrang',NULL,2,150,'N'),(154,'gebang_patrang','gebang_patrang@jemberkab.go.id','d19e0b5e2933194174ab49c2d3db94b2','gebang_patrang',NULL,2,151,'N'),(155,'slawu_patrang','slawu_patrang@jemberkab.go.id','d19e0b5e2933194174ab49c2d3db94b2','slawu_patrang',NULL,2,152,'N'),(156,'bintoro_patrang','bintoro_patrang@jemberkab.go.id','d19e0b5e2933194174ab49c2d3db94b2','bintoro_patrang',NULL,2,153,'N'),(157,'jemberlor_patrang','jemberlor_patrang@jemberkab.go.id','d19e0b5e2933194174ab49c2d3db94b2','jemberlor_patrang',NULL,2,154,'N'),(158,'patrang_patrang','patrang_patrang@jemberkab.go.id','d19e0b5e2933194174ab49c2d3db94b2','patrang_patrang',NULL,2,155,'N'),(159,'baratan_patrang','baratan_patrang@jemberkab.go.id','d19e0b5e2933194174ab49c2d3db94b2','baratan_patrang',NULL,2,156,'N'),(160,'kebonsari_sumbersari','kebonsari_sumbersari@jemberkab.go.id','d19e0b5e2933194174ab49c2d3db94b2','kebonsari_sumbersari',NULL,2,157,'N'),(161,'sumbersari_sumbersari','sumbersari_sumbersari@jemberkab.go.id','d19e0b5e2933194174ab49c2d3db94b2','sumbersari_sumbersari',NULL,2,158,'N'),(162,'kranjingan_sumbersari','kranjingan_sumbersari@jemberkab.go.id','d19e0b5e2933194174ab49c2d3db94b2','kranjingan_sumbersari',NULL,2,159,'N'),(163,'karangrejo_sumbersari','karangrejo_sumbersari@jemberkab.go.id','d19e0b5e2933194174ab49c2d3db94b2','karangrejo_sumbersari',NULL,2,160,'N'),(164,'tegalgede_sumbersari','tegalgede_sumbersari@jemberkab.go.id','d19e0b5e2933194174ab49c2d3db94b2','tegalgede_sumbersari',NULL,2,161,'N'),(165,'wirolegi_sumbersari','wirolegi_sumbersari@jemberkab.go.id','d19e0b5e2933194174ab49c2d3db94b2','wirolegi_sumbersari',NULL,2,162,'N'),(166,'antirogo_sumbersari','antirogo_sumbersari@jemberkab.go.id','d19e0b5e2933194174ab49c2d3db94b2','antirogo_sumbersari',NULL,2,163,'N'),(167,'kemuninglor_arjasa','kemuninglor_arjasa@jemberkab.go.id','d19e0b5e2933194174ab49c2d3db94b2','kemuninglor_arjasa',NULL,2,164,'N'),(168,'darsono_arjasa','darsono_arjasa@jemberkab.go.id','d19e0b5e2933194174ab49c2d3db94b2','darsono_arjasa',NULL,2,165,'N'),(169,'arjasa_arjasa','arjasa_arjasa@jemberkab.go.id','d19e0b5e2933194174ab49c2d3db94b2','arjasa_arjasa',NULL,2,166,'N'),(170,'candijati_arjasa','candijati_arjasa@jemberkab.go.id','d19e0b5e2933194174ab49c2d3db94b2','candijati_arjasa',NULL,2,167,'N'),(171,'biting_arjasa','biting_arjasa@jemberkab.go.id','d19e0b5e2933194174ab49c2d3db94b2','biting_arjasa',NULL,2,168,'N'),(172,'kamal_arjasa','kamal_arjasa@jemberkab.go.id','d19e0b5e2933194174ab49c2d3db94b2','kamal_arjasa',NULL,2,169,'N'),(173,'lengkong_mumbulsari','lengkong_mumbulsari@jemberkab.go.id','d19e0b5e2933194174ab49c2d3db94b2','lengkong_mumbulsari',NULL,2,170,'N'),(174,'kawangrejo_mumbulsari','kawangrejo_mumbulsari@jemberkab.go.id','d19e0b5e2933194174ab49c2d3db94b2','kawangrejo_mumbulsari',NULL,2,171,'N'),(175,'tamansari_mumbulsari','tamansari_mumbulsari@jemberkab.go.id','d19e0b5e2933194174ab49c2d3db94b2','tamansari_mumbulsari',NULL,2,172,'N'),(176,'mumbulsari_mumbulsari','mumbulsari_mumbulsari@jemberkab.go.id','d19e0b5e2933194174ab49c2d3db94b2','mumbulsari_mumbulsari',NULL,2,173,'N'),(177,'suco_mumbulsari','suco_mumbulsari@jemberkab.go.id','d19e0b5e2933194174ab49c2d3db94b2','suco_mumbulsari',NULL,2,174,'N'),(178,'lampeji_mumbulsari','lampeji_mumbulsari@jemberkab.go.id','d19e0b5e2933194174ab49c2d3db94b2','lampeji_mumbulsari',NULL,2,175,'N'),(179,'karangkedawung_mumbulsari','karangkedawung_mumbulsari@jemberkab.go.id','d19e0b5e2933194174ab49c2d3db94b2','karangkedawung_mumbulsari',NULL,2,176,'N'),(180,'patemon_pakusari','patemon_pakusari@jemberkab.go.id','d19e0b5e2933194174ab49c2d3db94b2','patemon_pakusari',NULL,2,177,'N'),(181,'bedadung_pakusari','bedadung_pakusari@jemberkab.go.id','d19e0b5e2933194174ab49c2d3db94b2','bedadung_pakusari',NULL,2,178,'N'),(182,'sumberpinang_pakusari','sumberpinang_pakusari@jemberkab.go.id','d19e0b5e2933194174ab49c2d3db94b2','sumberpinang_pakusari',NULL,2,179,'N'),(183,'subo_pakusari','subo_pakusari@jemberkab.go.id','d19e0b5e2933194174ab49c2d3db94b2','subo_pakusari',NULL,2,180,'N'),(184,'kertosari_pakusari','kertosari_pakusari@jemberkab.go.id','d19e0b5e2933194174ab49c2d3db94b2','kertosari_pakusari',NULL,2,181,'N'),(185,'jatian_pakusari','jatian_pakusari@jemberkab.go.id','d19e0b5e2933194174ab49c2d3db94b2','jatian_pakusari',NULL,2,182,'N'),(186,'pakusari_pakusari','pakusari_pakusari@jemberkab.go.id','d19e0b5e2933194174ab49c2d3db94b2','pakusari_pakusari',NULL,2,183,'N'),(187,'sucopangepok_jelbuk','sucopangepok_jelbuk@jemberkab.go.id','d19e0b5e2933194174ab49c2d3db94b2','sucopangepok_jelbuk',NULL,2,184,'N'),(188,'panduman_jelbuk','panduman_jelbuk@jemberkab.go.id','d19e0b5e2933194174ab49c2d3db94b2','panduman_jelbuk',NULL,2,185,'N'),(189,'sukojember_jelbuk','sukojember_jelbuk@jemberkab.go.id','d19e0b5e2933194174ab49c2d3db94b2','sukojember_jelbuk',NULL,2,186,'N'),(190,'jelbuk_jelbuk','jelbuk_jelbuk@jemberkab.go.id','d19e0b5e2933194174ab49c2d3db94b2','jelbuk_jelbuk',NULL,2,187,'N'),(191,'sukowiryo_jelbuk','sukowiryo_jelbuk@jemberkab.go.id','d19e0b5e2933194174ab49c2d3db94b2','sukowiryo_jelbuk',NULL,2,188,'N'),(192,'sugerkidul_jelbuk','sugerkidul_jelbuk@jemberkab.go.id','d19e0b5e2933194174ab49c2d3db94b2','sugerkidul_jelbuk',NULL,2,189,'N'),(193,'mrawan_mayang','mrawan_mayang@jemberkab.go.id','d19e0b5e2933194174ab49c2d3db94b2','mrawan_mayang',NULL,2,190,'N'),(194,'mayang_mayang','mayang_mayang@jemberkab.go.id','d19e0b5e2933194174ab49c2d3db94b2','mayang_mayang',NULL,2,191,'N'),(195,'seputih_mayang','seputih_mayang@jemberkab.go.id','d19e0b5e2933194174ab49c2d3db94b2','seputih_mayang',NULL,2,192,'N'),(196,'tegalwaru_mayang','tegalwaru_mayang@jemberkab.go.id','d19e0b5e2933194174ab49c2d3db94b2','tegalwaru_mayang',NULL,2,193,'N'),(197,'tegalrejo_mayang','tegalrejo_mayang@jemberkab.go.id','d19e0b5e2933194174ab49c2d3db94b2','tegalrejo_mayang',NULL,2,194,'N'),(198,'sumberkejayan_mayang','sumberkejayan_mayang@jemberkab.go.id','d19e0b5e2933194174ab49c2d3db94b2','sumberkejayan_mayang',NULL,2,195,'N'),(199,'sidomukti_mayang','sidomukti_mayang@jemberkab.go.id','d19e0b5e2933194174ab49c2d3db94b2','sidomukti_mayang',NULL,2,196,'N'),(200,'gumuksari_kalisat','gumuksari_kalisat@jemberkab.go.id','d19e0b5e2933194174ab49c2d3db94b2','gumuksari_kalisat',NULL,2,197,'N'),(201,'sukoreno_kalisat','sukoreno_kalisat@jemberkab.go.id','d19e0b5e2933194174ab49c2d3db94b2','sukoreno_kalisat',NULL,2,198,'N'),(202,'patempuran_kalisat','patempuran_kalisat@jemberkab.go.id','d19e0b5e2933194174ab49c2d3db94b2','patempuran_kalisat',NULL,2,199,'N'),(203,'sumberkalong_kalisat','sumberkalong_kalisat@jemberkab.go.id','d19e0b5e2933194174ab49c2d3db94b2','sumberkalong_kalisat',NULL,2,200,'N'),(204,'sumberjeruk_kalisat','sumberjeruk_kalisat@jemberkab.go.id','d19e0b5e2933194174ab49c2d3db94b2','sumberjeruk_kalisat',NULL,2,201,'N'),(205,'glagahwero_kalisat','glagahwero_kalisat@jemberkab.go.id','d19e0b5e2933194174ab49c2d3db94b2','glagahwero_kalisat',NULL,2,202,'N'),(206,'kalisat_kalisat','kalisat_kalisat@jemberkab.go.id','d19e0b5e2933194174ab49c2d3db94b2','kalisat_kalisat',NULL,2,203,'N'),(207,'ajung_kalisat','ajung_kalisat@jemberkab.go.id','d19e0b5e2933194174ab49c2d3db94b2','ajung_kalisat',NULL,2,204,'N'),(208,'plalangan_kalisat','plalangan_kalisat@jemberkab.go.id','d19e0b5e2933194174ab49c2d3db94b2','plalangan_kalisat',NULL,2,205,'N'),(209,'gambiran_kalisat','gambiran_kalisat@jemberkab.go.id','d19e0b5e2933194174ab49c2d3db94b2','gambiran_kalisat',NULL,2,206,'N'),(210,'sumberketempa_kalisat','sumberketempa_kalisat@jemberkab.go.id','d19e0b5e2933194174ab49c2d3db94b2','sumberketempa_kalisat',NULL,2,207,'N'),(211,'sebanen_kalisat','sebanen_kalisat@jemberkab.go.id','d19e0b5e2933194174ab49c2d3db94b2','sebanen_kalisat',NULL,2,208,'N'),(212,'lembengan_ledokombo','lembengan_ledokombo@jemberkab.go.id','d19e0b5e2933194174ab49c2d3db94b2','lembengan_ledokombo',NULL,2,209,'N'),(213,'suren_ledokombo','suren_ledokombo@jemberkab.go.id','d19e0b5e2933194174ab49c2d3db94b2','suren_ledokombo',NULL,2,210,'N'),(214,'karangpaiton_ledokombo','karangpaiton_ledokombo@jemberkab.go.id','d19e0b5e2933194174ab49c2d3db94b2','karangpaiton_ledokombo',NULL,2,211,'N'),(215,'sumberanget_ledokombo','sumberanget_ledokombo@jemberkab.go.id','d19e0b5e2933194174ab49c2d3db94b2','sumberanget_ledokombo',NULL,2,212,'N'),(216,'sukogidri_ledokombo','sukogidri_ledokombo@jemberkab.go.id','d19e0b5e2933194174ab49c2d3db94b2','sukogidri_ledokombo',NULL,2,213,'N'),(217,'ledokombo_ledokombo','ledokombo_ledokombo@jemberkab.go.id','d19e0b5e2933194174ab49c2d3db94b2','ledokombo_ledokombo',NULL,2,214,'N'),(218,'sumberlesung_ledokombo','sumberlesung_ledokombo@jemberkab.go.id','d19e0b5e2933194174ab49c2d3db94b2','sumberlesung_ledokombo',NULL,2,215,'N'),(219,'sumbersalak_ledokombo','sumbersalak_ledokombo@jemberkab.go.id','d19e0b5e2933194174ab49c2d3db94b2','sumbersalak_ledokombo',NULL,2,216,'N'),(220,'slateng_ledokombo','slateng_ledokombo@jemberkab.go.id','d19e0b5e2933194174ab49c2d3db94b2','slateng_ledokombo',NULL,2,217,'N'),(221,'sumberbulus_ledokombo','sumberbulus_ledokombo@jemberkab.go.id','d19e0b5e2933194174ab49c2d3db94b2','sumberbulus_ledokombo',NULL,2,218,'N'),(222,'sumberwringin_sukowono','sumberwringin_sukowono@jemberkab.go.id','d19e0b5e2933194174ab49c2d3db94b2','sumberwringin_sukowono',NULL,2,219,'N'),(223,'sukokerto_sukowono','sukokerto_sukowono@jemberkab.go.id','d19e0b5e2933194174ab49c2d3db94b2','sukokerto_sukowono',NULL,2,220,'N'),(224,'sumberwaru_sukowono','sumberwaru_sukowono@jemberkab.go.id','d19e0b5e2933194174ab49c2d3db94b2','sumberwaru_sukowono',NULL,2,221,'N'),(225,'sukowono_sukowono','sukowono_sukowono@jemberkab.go.id','d19e0b5e2933194174ab49c2d3db94b2','sukowono_sukowono',NULL,2,222,'N'),(226,'baletbaru_sukowono','baletbaru_sukowono@jemberkab.go.id','d19e0b5e2933194174ab49c2d3db94b2','baletbaru_sukowono',NULL,2,223,'N'),(227,'sukorejo_sukowono','sukorejo_sukowono@jemberkab.go.id','d19e0b5e2933194174ab49c2d3db94b2','sukorejo_sukowono',NULL,2,224,'N'),(228,'sukosari_sukowono','sukosari_sukowono@jemberkab.go.id','d19e0b5e2933194174ab49c2d3db94b2','sukosari_sukowono',NULL,2,225,'N'),(229,'arjasa_sukowono','arjasa_sukowono@jemberkab.go.id','d19e0b5e2933194174ab49c2d3db94b2','arjasa_sukowono',NULL,2,226,'N'),(230,'sumberdanti_sukowono','sumberdanti_sukowono@jemberkab.go.id','d19e0b5e2933194174ab49c2d3db94b2','sumberdanti_sukowono',NULL,2,227,'N'),(231,'pocangan_sukowono','pocangan_sukowono@jemberkab.go.id','d19e0b5e2933194174ab49c2d3db94b2','pocangan_sukowono',NULL,2,228,'N'),(232,'dawuhanmangli_sukowono','dawuhanmangli_sukowono@jemberkab.go.id','d19e0b5e2933194174ab49c2d3db94b2','dawuhanmangli_sukowono',NULL,2,229,'N'),(233,'mojogemi_sukowono','mojogemi_sukowono@jemberkab.go.id','d19e0b5e2933194174ab49c2d3db94b2','mojogemi_sukowono',NULL,2,230,'N'),(234,'sempolan_silo','sempolan_silo@jemberkab.go.id','d19e0b5e2933194174ab49c2d3db94b2','sempolan_silo',NULL,2,231,'N'),(235,'harjomulyo_silo','harjomulyo_silo@jemberkab.go.id','d19e0b5e2933194174ab49c2d3db94b2','harjomulyo_silo',NULL,2,232,'N'),(236,'karangharjo_silo','karangharjo_silo@jemberkab.go.id','d19e0b5e2933194174ab49c2d3db94b2','karangharjo_silo',NULL,2,233,'N'),(237,'silo_silo','silo_silo@jemberkab.go.id','d19e0b5e2933194174ab49c2d3db94b2','silo_silo',NULL,2,234,'N'),(238,'pace_silo','pace_silo@jemberkab.go.id','d19e0b5e2933194174ab49c2d3db94b2','pace_silo',NULL,2,235,'N'),(239,'mulyorejo_silo','mulyorejo_silo@jemberkab.go.id','d19e0b5e2933194174ab49c2d3db94b2','mulyorejo_silo',NULL,2,236,'N'),(240,'sumberjati_silo','sumberjati_silo@jemberkab.go.id','d19e0b5e2933194174ab49c2d3db94b2','sumberjati_silo',NULL,2,237,'N'),(241,'garahan_silo','garahan_silo@jemberkab.go.id','d19e0b5e2933194174ab49c2d3db94b2','garahan_silo',NULL,2,238,'N'),(242,'sidomulyo_silo','sidomulyo_silo@jemberkab.go.id','d19e0b5e2933194174ab49c2d3db94b2','sidomulyo_silo',NULL,2,239,'N'),(243,'plerean_sumberjambe','plerean_sumberjambe@jemberkab.go.id','d19e0b5e2933194174ab49c2d3db94b2','plerean_sumberjambe',NULL,2,240,'N'),(244,'sumberpakem_sumberjambe','sumberpakem_sumberjambe@jemberkab.go.id','d19e0b5e2933194174ab49c2d3db94b2','sumberpakem_sumberjambe',NULL,2,241,'N'),(245,'pringgondani_sumberjambe','pringgondani_sumberjambe@jemberkab.go.id','d19e0b5e2933194174ab49c2d3db94b2','pringgondani_sumberjambe',NULL,2,242,'N'),(246,'randuagung_sumberjambe','randuagung_sumberjambe@jemberkab.go.id','d19e0b5e2933194174ab49c2d3db94b2','randuagung_sumberjambe',NULL,2,243,'N'),(247,'cumedak_sumberjambe','cumedak_sumberjambe@jemberkab.go.id','d19e0b5e2933194174ab49c2d3db94b2','cumedak_sumberjambe',NULL,2,244,'N'),(248,'sumberjambe_sumberjambe','sumberjambe_sumberjambe@jemberkab.go.id','d19e0b5e2933194174ab49c2d3db94b2','sumberjambe_sumberjambe',NULL,2,245,'N'),(249,'gunungmalang_sumberjambe','gunungmalang_sumberjambe@jemberkab.go.id','d19e0b5e2933194174ab49c2d3db94b2','gunungmalang_sumberjambe',NULL,2,246,'N'),(250,'jambearum_sumberjambe','jambearum_sumberjambe@jemberkab.go.id','d19e0b5e2933194174ab49c2d3db94b2','jambearum_sumberjambe',NULL,2,247,'N'),(251,'rowosari_sumberjambe','rowosari_sumberjambe@jemberkab.go.id','d19e0b5e2933194174ab49c2d3db94b2','rowosari_sumberjambe',NULL,2,248,'N');
/*!40000 ALTER TABLE `_user` ENABLE KEYS */;
UNLOCK TABLES;

--
-- Table structure for table `desa`
--

DROP TABLE IF EXISTS `desa`;
/*!40101 SET @saved_cs_client     = @@character_set_client */;
/*!40101 SET character_set_client = utf8 */;
CREATE TABLE `desa` (
  `id_desa` int(11) NOT NULL AUTO_INCREMENT,
  `id_kecamatan` varchar(50) DEFAULT NULL,
  `nama_desa` varchar(50) DEFAULT NULL,
  PRIMARY KEY (`id_desa`)
) ENGINE=InnoDB AUTO_INCREMENT=249 DEFAULT CHARSET=utf8mb4;
/*!40101 SET character_set_client = @saved_cs_client */;

--
-- Dumping data for table `desa`
--

LOCK TABLES `desa` WRITE;
/*!40000 ALTER TABLE `desa` DISABLE KEYS */;
INSERT INTO `desa` VALUES (1,'35.9.01','PADOMASAN'),(2,'35.9.01','KETING'),(3,'35.9.01','JOMBANG'),(4,'35.9.01','NGAMPELREJO'),(5,'35.9.01','WRINGIN AGUNG'),(6,'35.9.01','SARIMULYO'),(7,'35.9.02','CAKRU'),(8,'35.9.02','PASEBAN'),(9,'35.9.02','KRATON'),(10,'35.9.02','KENCONG'),(11,'35.9.02','WONOREJO'),(12,'35.9.03','JAMINTORO'),(13,'35.9.03','JATIROTO'),(14,'35.9.03','KALIGLAGAH'),(15,'35.9.03','JAMBESARI'),(16,'35.9.03','YOSORATI'),(17,'35.9.03','SUMBER AGUNG'),(18,'35.9.03','GELANG'),(19,'35.9.03','ROWO TENGAH'),(20,'35.9.03','PRINGGOWIRAWAN'),(21,'35.9.03','KARANG BAYAT'),(22,'35.9.04','KEPANJEN'),(23,'35.9.04','MAYANGAN'),(24,'35.9.04','GUMUKMAS'),(25,'35.9.04','MENAMPU'),(26,'35.9.04','TEMBOKREJO'),(27,'35.9.04','PURWOASRI'),(28,'35.9.04','BAGOREJO'),(29,'35.9.04','KARANGREJO'),(30,'35.9.05','SUKORENO'),(31,'35.9.05','SIDOREJO'),(32,'35.9.05','GUNUNGSARI'),(33,'35.9.05','GADINGREJO'),(34,'35.9.05','UMBULREJO'),(35,'35.9.05','UMBULSARI'),(36,'35.9.05','TANJUNGSARI'),(37,'35.9.05','TEGAL WANGI'),(38,'35.9.05','PALERAN'),(39,'35.9.05','MUNDUREJO'),(40,'35.9.06','TANGGUL KULON'),(41,'35.9.06','TANGGUL WETAN'),(42,'35.9.06','PATEMON'),(43,'35.9.06','DARUNGAN'),(44,'35.9.06','MANGGISAN'),(45,'35.9.06','SELODAKON'),(46,'35.9.06','KRAMAT SUKOHARJO'),(47,'35.9.06','KLATAKAN'),(48,'35.9.07','PONDOK JOYO'),(49,'35.9.07','PONDOK DALEM'),(50,'35.9.07','REJO AGUNG'),(51,'35.9.07','SEMBORO'),(52,'35.9.07','SIDOMEKAR'),(53,'35.9.07','SIDOMULYO'),(54,'35.9.08','MLOKOREJO'),(55,'35.9.08','MOJOMULYO'),(56,'35.9.08','MOJOSARI'),(57,'35.9.08','PUGER KULON'),(58,'35.9.08','WRINGINTELU'),(59,'35.9.08','KASIYAN'),(60,'35.9.08','BAGON'),(61,'35.9.08','KASIYAN TIMUR'),(62,'35.9.08','WONOSARI'),(63,'35.9.08','JAMBEARUM'),(64,'35.9.08','GRENDEN'),(65,'35.9.08','PUGER WETAN'),(66,'35.9.09','CURAH KALONG'),(67,'35.9.09','GAMBIRONO'),(68,'35.9.09','BANGSALSARI'),(69,'35.9.09','TUGUSARI'),(70,'35.9.09','KARANGSONO'),(71,'35.9.09','SUKOREJO'),(72,'35.9.09','LANGKAP'),(73,'35.9.09','TISNOGAMBAR'),(74,'35.9.09','PETUNG'),(75,'35.9.09','BANJARSARI'),(76,'35.9.09','BADEAN'),(77,'35.9.10','KARANG DUREN'),(78,'35.9.10','KARANG SEMANDING'),(79,'35.9.10','TUTUL'),(80,'35.9.10','BALUNG KULON'),(81,'35.9.10','BALUNG LOR'),(82,'35.9.10','BALUNG KIDUL'),(83,'35.9.10','CURAHLELE'),(84,'35.9.10','GUMELAR'),(85,'35.9.11','LOJEJER'),(86,'35.9.11','AMPEL'),(87,'35.9.11','TAMANSARI'),(88,'35.9.11','DUKUH DEMPOK'),(89,'35.9.11','GLUNDENGAN'),(90,'35.9.11','TANJUNG REJO'),(91,'35.9.11','KESILIR'),(92,'35.9.12','TEGALSARI'),(93,'35.9.12','SABRANG'),(94,'35.9.12','SUMBERREJO'),(95,'35.9.12','AMBULU'),(96,'35.9.12','KARANG ANYAR'),(97,'35.9.12','ANDONGSARI'),(98,'35.9.12','PONTANG'),(99,'35.9.13','NOGOSARI'),(100,'35.9.13','CURAHMALANG'),(101,'35.9.13','ROWOTAMTU'),(102,'35.9.13','KALIWINING'),(103,'35.9.13','PECORO'),(104,'35.9.13','RAMBIPUJI'),(105,'35.9.13','GUGUT'),(106,'35.9.13','RAMBIGUNDAM'),(107,'35.9.14','PAKIS'),(108,'35.9.14','KEMUNINGSARI LOR'),(109,'35.9.14','PANTI'),(110,'35.9.14','GLAGAHWERO'),(111,'35.9.14','SUCI'),(112,'35.9.14','KEMIRI'),(113,'35.9.14','SERUT'),(114,'35.9.15','JUBUNG'),(115,'35.9.15','DUKUH MENCEK'),(116,'35.9.15','SUKORAMBI'),(117,'35.9.15','KARANGPRING'),(118,'35.9.15','KLUNGKUNG'),(119,'35.9.16','KEMUNING SARI KIDUL'),(120,'35.9.16','WONOJATI'),(121,'35.9.16','JENGGAWAH'),(122,'35.9.16','KERTONEGORO'),(123,'35.9.16','SRUNI'),(124,'35.9.16','JATISARI'),(125,'35.9.16','JATIMULYO'),(126,'35.9.16','CANGKRING'),(127,'35.9.17','SUKAMAKMUR'),(128,'35.9.17','MANGARAN'),(129,'35.9.17','PANCAKARYA'),(130,'35.9.17','AJUNG'),(131,'35.9.17','KLOMPANGAN'),(132,'35.9.17','WIROWONGSO'),(133,'35.9.17','ROWO INDAH'),(134,'35.9.18','SIDODADI'),(135,'35.9.18','TEMPUREJO'),(136,'35.9.18','ANDONGREJO'),(137,'35.9.18','PONDOKREJO'),(138,'35.9.18','WONOASRI'),(139,'35.9.18','CURAHNONGKO'),(140,'35.9.18','CURAHTAKIR'),(141,'35.9.18','SANENREJO'),(142,'35.9.19','MANGLI'),(143,'35.9.19','SEMPUSARI'),(144,'35.9.19','KEBON AGUNG'),(145,'35.9.19','KALIWATES'),(146,'35.9.19','JEMBER KIDUL'),(147,'35.9.19','KEPATIHAN'),(148,'35.9.19','TEGAL BESAR'),(149,'35.9.20','BANJAR SENGON'),(150,'35.9.20','JUMERTO'),(151,'35.9.20','GEBANG'),(152,'35.9.20','SLAWU'),(153,'35.9.20','BINTORO'),(154,'35.9.20','JEMBER LOR'),(155,'35.9.20','PATRANG'),(156,'35.9.20','BARATAN'),(157,'35.9.21','KEBONSARI'),(158,'35.9.21','SUMBERSARI'),(159,'35.9.21','KRANJINGAN'),(160,'35.9.21','KARANGREJO'),(161,'35.9.21','TEGAL GEDE'),(162,'35.9.21','WIROLEGI'),(163,'35.9.21','ANTIROGO'),(164,'35.9.22','KEMUNING LOR'),(165,'35.9.22','DARSONO'),(166,'35.9.22','ARJASA'),(167,'35.9.22','CANDIJATI'),(168,'35.9.22','BITING'),(169,'35.9.22','KAMAL'),(170,'35.9.23','LENGKONG'),(171,'35.9.23','KAWANGREJO'),(172,'35.9.23','TAMANSARI'),(173,'35.9.23','MUMBULSARI'),(174,'35.9.23','SUCO'),(175,'35.9.23','LAMPEJI'),(176,'35.9.23','KARANGKEDAWUNG'),(177,'35.9.24','PATEMON'),(178,'35.9.24','BEDADUNG'),(179,'35.9.24','SUMBER PINANG'),(180,'35.9.24','SUBO'),(181,'35.9.24','KERTOSARI'),(182,'35.9.24','JATIAN'),(183,'35.9.24','PAKUSARI'),(184,'35.9.25','SUCO PANGEPOK'),(185,'35.9.25','PANDUMAN'),(186,'35.9.25','SUKO JEMBER'),(187,'35.9.25','JELBUK'),(188,'35.9.25','SUKOWIRYO'),(189,'35.9.25','SUGER KIDUL'),(190,'35.9.26','MRAWAN'),(191,'35.9.26','MAYANG'),(192,'35.9.26','SEPUTIH'),(193,'35.9.26','TEGAL WARU'),(194,'35.9.26','TEGALREJO'),(195,'35.9.26','SUMBER KEJAYAN'),(196,'35.9.26','SIDOMUKTI'),(197,'35.9.27','GUMUKSARI'),(198,'35.9.27','SUKORENO'),(199,'35.9.27','PATEMPURAN'),(200,'35.9.27','SUMBER KALONG'),(201,'35.9.27','SUMBER JERUK'),(202,'35.9.27','GLAGAHWERO'),(203,'35.9.27','KALISAT'),(204,'35.9.27','AJUNG'),(205,'35.9.27','PLALANGAN'),(206,'35.9.27','GAMBIRAN'),(207,'35.9.27','SUMBER KETEMPA'),(208,'35.9.27','SEBANEN'),(209,'35.9.28','LEMBENGAN'),(210,'35.9.28','SUREN'),(211,'35.9.28','KARANG PAITON'),(212,'35.9.28','SUMBER ANGET'),(213,'35.9.28','SUKOGIDRI'),(214,'35.9.28','LEDOKOMBO'),(215,'35.9.28','SUMBER LESUNG'),(216,'35.9.28','SUMBER SALAK'),(217,'35.9.28','SLATENG'),(218,'35.9.28','SUMBER BULUS'),(219,'35.9.29','SUMBER WRINGIN'),(220,'35.9.29','SUKOKERTO'),(221,'35.9.29','SUMBERWARU'),(222,'35.9.29','SUKOWONO'),(223,'35.9.29','BALET BARU'),(224,'35.9.29','SUKOREJO'),(225,'35.9.29','SUKOSARI'),(226,'35.9.29','ARJASA'),(227,'35.9.29','SUMBERDANTI'),(228,'35.9.29','POCANGAN'),(229,'35.9.29','DAWUHAN MANGLI'),(230,'35.9.29','MOJOGEMI'),(231,'35.9.30','SEMPOLAN'),(232,'35.9.30','HARJOMULYO'),(233,'35.9.30','KARANGHARJO'),(234,'35.9.30','SILO'),(235,'35.9.30','PACE'),(236,'35.9.30','MULYOREJO'),(237,'35.9.30','SUMBERJATI'),(238,'35.9.30','GARAHAN'),(239,'35.9.30','SIDOMULYO'),(240,'35.9.31','PLEREAN'),(241,'35.9.31','SUMBER PAKEM'),(242,'35.9.31','PRINGGONDANI'),(243,'35.9.31','RANDU AGUNG'),(244,'35.9.31','CUMEDAK'),(245,'35.9.31','SUMBERJAMBE'),(246,'35.9.31','GUNUNG MALANG'),(247,'35.9.31','JAMBE ARUM'),(248,'35.9.31','ROWOSARI');
/*!40000 ALTER TABLE `desa` ENABLE KEYS */;
UNLOCK TABLES;

--
-- Temporary table structure for view `desa_kecamatan`
--

DROP TABLE IF EXISTS `desa_kecamatan`;
/*!50001 DROP VIEW IF EXISTS `desa_kecamatan`*/;
SET @saved_cs_client     = @@character_set_client;
SET character_set_client = utf8;
/*!50001 CREATE TABLE `desa_kecamatan` (
  `id_desa` tinyint NOT NULL,
  `nama_desa` tinyint NOT NULL,
  `id_kecamatan` tinyint NOT NULL,
  `nama_kecamatan` tinyint NOT NULL
) ENGINE=MyISAM */;
SET character_set_client = @saved_cs_client;

--
-- Table structure for table `kecamatan`
--

DROP TABLE IF EXISTS `kecamatan`;
/*!40101 SET @saved_cs_client     = @@character_set_client */;
/*!40101 SET character_set_client = utf8 */;
CREATE TABLE `kecamatan` (
  `id_kecamatan` varchar(50) NOT NULL,
  `nama_kecamatan` varchar(200) DEFAULT NULL,
  PRIMARY KEY (`id_kecamatan`)
) ENGINE=InnoDB DEFAULT CHARSET=utf8mb4;
/*!40101 SET character_set_client = @saved_cs_client */;

--
-- Dumping data for table `kecamatan`
--

LOCK TABLES `kecamatan` WRITE;
/*!40000 ALTER TABLE `kecamatan` DISABLE KEYS */;
INSERT INTO `kecamatan` VALUES ('35.9.01','JOMBANG'),('35.9.02','KENCONG'),('35.9.03','SUMBER BARU'),('35.9.04','GUMUK MAS'),('35.9.05','UMBULSARI'),('35.9.06','TANGGUL'),('35.9.07','SEMBORO'),('35.9.08','PUGER'),('35.9.09','BANGSALSARI'),('35.9.10','BALUNG'),('35.9.11','WULUHAN'),('35.9.12','AMBULU'),('35.9.13','RAMBIPUJI'),('35.9.14','PANTI'),('35.9.15','SUKORAMBI'),('35.9.16','JENGGAWAH'),('35.9.17','AJUNG'),('35.9.18','TEMPUREJO'),('35.9.19','KALIWATES'),('35.9.20','PATRANG'),('35.9.21','SUMBERSARI'),('35.9.22','ARJASA'),('35.9.23','MUMBULSARI'),('35.9.24','PAKUSARI'),('35.9.25','JELBUK'),('35.9.26','MAYANG'),('35.9.27','KALISAT'),('35.9.28','LEDOKOMBO'),('35.9.29','SUKOWONO'),('35.9.30','SILO'),('35.9.31','SUMBERJAMBE');
/*!40000 ALTER TABLE `kecamatan` ENABLE KEYS */;
UNLOCK TABLES;

--
-- Table structure for table `lagu`
--

DROP TABLE IF EXISTS `lagu`;
/*!40101 SET @saved_cs_client     = @@character_set_client */;
/*!40101 SET character_set_client = utf8 */;
CREATE TABLE `lagu` (
  `id_lagu` int(11) NOT NULL AUTO_INCREMENT,
  `id_desa` int(11) DEFAULT NULL,
  `nama_lagu` varchar(200) DEFAULT NULL,
  `lagu` varchar(200) DEFAULT NULL,
  `foto` varchar(200) DEFAULT NULL,
  `content` longtext DEFAULT NULL,
  PRIMARY KEY (`id_lagu`)
) ENGINE=InnoDB DEFAULT CHARSET=utf8mb4;
/*!40101 SET character_set_client = @saved_cs_client */;

--
-- Dumping data for table `lagu`
--

LOCK TABLES `lagu` WRITE;
/*!40000 ALTER TABLE `lagu` DISABLE KEYS */;
/*!40000 ALTER TABLE `lagu` ENABLE KEYS */;
UNLOCK TABLES;

--
-- Final view structure for view `desa_kecamatan`
--

/*!50001 DROP TABLE IF EXISTS `desa_kecamatan`*/;
/*!50001 DROP VIEW IF EXISTS `desa_kecamatan`*/;
/*!50001 SET @saved_cs_client          = @@character_set_client */;
/*!50001 SET @saved_cs_results         = @@character_set_results */;
/*!50001 SET @saved_col_connection     = @@collation_connection */;
/*!50001 SET character_set_client      = utf8mb4 */;
/*!50001 SET character_set_results     = utf8mb4 */;
/*!50001 SET collation_connection      = utf8mb4_general_ci */;
/*!50001 CREATE ALGORITHM=UNDEFINED */
/*!50013 DEFINER=`root`@`localhost` SQL SECURITY DEFINER */
/*!50001 VIEW `desa_kecamatan` AS select `desa`.`id_desa` AS `id_desa`,`desa`.`nama_desa` AS `nama_desa`,`kecamatan`.`id_kecamatan` AS `id_kecamatan`,`kecamatan`.`nama_kecamatan` AS `nama_kecamatan` from (`desa` left join `kecamatan` on(`kecamatan`.`id_kecamatan` = `desa`.`id_kecamatan`)) */;
/*!50001 SET character_set_client      = @saved_cs_client */;
/*!50001 SET character_set_results     = @saved_cs_results */;
/*!50001 SET collation_connection      = @saved_col_connection */;
/*!40103 SET TIME_ZONE=@OLD_TIME_ZONE */;

/*!40101 SET SQL_MODE=@OLD_SQL_MODE */;
/*!40014 SET FOREIGN_KEY_CHECKS=@OLD_FOREIGN_KEY_CHECKS */;
/*!40014 SET UNIQUE_CHECKS=@OLD_UNIQUE_CHECKS */;
/*!40101 SET CHARACTER_SET_CLIENT=@OLD_CHARACTER_SET_CLIENT */;
/*!40101 SET CHARACTER_SET_RESULTS=@OLD_CHARACTER_SET_RESULTS */;
/*!40101 SET COLLATION_CONNECTION=@OLD_COLLATION_CONNECTION */;
/*!40111 SET SQL_NOTES=@OLD_SQL_NOTES */;

-- Dump completed on 2021-06-11 17:37:11
