-- MariaDB dump 10.17  Distrib 10.4.13-MariaDB, for Win64 (AMD64)
--
-- Host: localhost    Database: lagu_desa
-- ------------------------------------------------------
-- Server version	10.4.13-MariaDB

/*!40101 SET @OLD_CHARACTER_SET_CLIENT=@@CHARACTER_SET_CLIENT */;
/*!40101 SET @OLD_CHARACTER_SET_RESULTS=@@CHARACTER_SET_RESULTS */;
/*!40101 SET @OLD_COLLATION_CONNECTION=@@COLLATION_CONNECTION */;
/*!40101 SET NAMES utf8mb4 */;
/*!40103 SET @OLD_TIME_ZONE=@@TIME_ZONE */;
/*!40103 SET TIME_ZONE='+00:00' */;
/*!40014 SET @OLD_UNIQUE_CHECKS=@@UNIQUE_CHECKS, UNIQUE_CHECKS=0 */;
/*!40014 SET @OLD_FOREIGN_KEY_CHECKS=@@FOREIGN_KEY_CHECKS, FOREIGN_KEY_CHECKS=0 */;
/*!40101 SET @OLD_SQL_MODE=@@SQL_MODE, SQL_MODE='NO_AUTO_VALUE_ON_ZERO' */;
/*!40111 SET @OLD_SQL_NOTES=@@SQL_NOTES, SQL_NOTES=0 */;

--
-- Table structure for table `__ci_sessions`
--

DROP TABLE IF EXISTS `__ci_sessions`;
/*!40101 SET @saved_cs_client     = @@character_set_client */;
/*!40101 SET character_set_client = utf8 */;
CREATE TABLE `__ci_sessions` (
  `id` varchar(128) NOT NULL,
  `ip_address` varchar(45) NOT NULL,
  `timestamp` int(10) unsigned NOT NULL DEFAULT 0,
  `data` blob NOT NULL,
  PRIMARY KEY (`id`) USING BTREE,
  KEY `ci_sessions_timestamp` (`timestamp`) USING BTREE
) ENGINE=InnoDB DEFAULT CHARSET=latin1 ROW_FORMAT=COMPACT;
/*!40101 SET character_set_client = @saved_cs_client */;

--
-- Dumping data for table `__ci_sessions`
--

LOCK TABLES `__ci_sessions` WRITE;
/*!40000 ALTER TABLE `__ci_sessions` DISABLE KEYS */;
INSERT INTO `__ci_sessions` VALUES ('04e6lvstsssa7mrflkli97pse8l82d94','::1',1630572341,'__ci_last_regenerate|i:1630572341;id_user|s:1:\"1\";username|s:5:\"admin\";email|s:15:\"admin@admin.com\";password|s:32:\"21232f297a57a5a743894a0e4a801fc3\";fullname|s:13:\"administrator\";whatsapp|s:12:\"085330067932\";id_role|s:1:\"1\";id_desa|s:3:\"130\";lock|s:1:\"Y\";role_name|s:5:\"admin\";'),('07h9tf297vns4d9p5scqrcd4vu1r4hch','::1',1630568305,'__ci_last_regenerate|i:1630568305;id_user|s:1:\"1\";username|s:5:\"admin\";email|s:15:\"admin@admin.com\";password|s:32:\"21232f297a57a5a743894a0e4a801fc3\";fullname|s:13:\"administrator\";whatsapp|s:12:\"085330067932\";id_role|s:1:\"1\";id_desa|s:3:\"130\";lock|s:1:\"Y\";role_name|s:5:\"admin\";'),('1nk6v6s8keccr0c8f8h3e7kbl9dl10hi','::1',1630568832,'__ci_last_regenerate|i:1630568832;id_user|s:1:\"1\";username|s:5:\"admin\";email|s:15:\"admin@admin.com\";password|s:32:\"21232f297a57a5a743894a0e4a801fc3\";fullname|s:13:\"administrator\";whatsapp|s:12:\"085330067932\";id_role|s:1:\"1\";id_desa|s:3:\"130\";lock|s:1:\"Y\";role_name|s:5:\"admin\";'),('2b7n3hvhunp1i05elir29jko02qhecjk','::1',1630552169,'__ci_last_regenerate|i:1630552169;'),('320iusod2motfug0j1m376k50d6gn23a','::1',1630555707,'__ci_last_regenerate|i:1630555694;id_user|s:1:\"1\";username|s:5:\"admin\";email|s:15:\"admin@admin.com\";password|s:32:\"21232f297a57a5a743894a0e4a801fc3\";fullname|s:13:\"administrator\";whatsapp|s:12:\"085330067932\";id_role|s:1:\"1\";id_desa|s:3:\"130\";lock|s:1:\"Y\";role_name|s:5:\"admin\";'),('3gd5n90rrt4mntcgvpu6b5dt04k906dl','::1',1630551868,'__ci_last_regenerate|i:1630551868;'),('46jsriv17esfmdo2s5m5h0siquklecn9','::1',1630548386,'__ci_last_regenerate|i:1630548386;'),('495md9vrq9f1gkb13v0gdsm791qgrdm3','::1',1630547869,'__ci_last_regenerate|i:1630547869;'),('586thqvi0tjgid3648kio50g3jtb9uq6','::1',1630377188,'__ci_last_regenerate|i:1630377188;id_user|s:1:\"1\";username|s:5:\"admin\";email|s:15:\"admin@admin.com\";password|s:32:\"21232f297a57a5a743894a0e4a801fc3\";fullname|s:13:\"administrator\";whatsapp|s:12:\"085330067932\";id_role|s:1:\"1\";id_desa|s:3:\"130\";lock|s:1:\"Y\";role_name|s:5:\"admin\";'),('5alfj07b04v3m95vvb5lugk5hl6hba4l','::1',1630567974,'__ci_last_regenerate|i:1630567974;id_user|s:1:\"1\";username|s:5:\"admin\";email|s:15:\"admin@admin.com\";password|s:32:\"21232f297a57a5a743894a0e4a801fc3\";fullname|s:13:\"administrator\";whatsapp|s:12:\"085330067932\";id_role|s:1:\"1\";id_desa|s:3:\"130\";lock|s:1:\"Y\";role_name|s:5:\"admin\";'),('5ndkq0p9s8oomrbsfuuebcvm2e25hcer','::1',1630374844,'__ci_last_regenerate|i:1630374844;'),('5plesovsede99mkpnie61ompth5ddmp5','::1',1630376714,'__ci_last_regenerate|i:1630376714;id_user|s:1:\"1\";username|s:5:\"admin\";email|s:15:\"admin@admin.com\";password|s:32:\"21232f297a57a5a743894a0e4a801fc3\";fullname|s:13:\"administrator\";whatsapp|s:12:\"085330067932\";id_role|s:1:\"1\";id_desa|s:3:\"130\";lock|s:1:\"Y\";role_name|s:5:\"admin\";'),('6hmv0gfu8q8rs9a4628jhuibqkevtduv','::1',1630378676,'__ci_last_regenerate|i:1630378676;id_user|s:1:\"1\";username|s:5:\"admin\";email|s:15:\"admin@admin.com\";password|s:32:\"21232f297a57a5a743894a0e4a801fc3\";fullname|s:13:\"administrator\";whatsapp|s:12:\"085330067932\";id_role|s:1:\"1\";id_desa|s:3:\"130\";lock|s:1:\"Y\";role_name|s:5:\"admin\";'),('6nf4gukm5codjglfe4fnbgjhach5t497','::1',1630383309,'__ci_last_regenerate|i:1630383309;id_user|s:3:\"161\";username|s:21:\"sumbersari_sumbersari\";email|s:37:\"sumbersari_sumbersari@jemberkab.go.id\";password|s:32:\"d19e0b5e2933194174ab49c2d3db94b2\";fullname|s:21:\"sumbersari_sumbersari\";whatsapp|N;id_role|s:1:\"2\";id_desa|s:3:\"158\";lock|s:1:\"N\";role_name|s:12:\"general_user\";'),('7nn7nqvv1f2qk868ktu3p4k98uhehu7d','::1',1630634956,'__ci_last_regenerate|i:1630634956;'),('88jad2n4chc4ii1ntn45v55faa5i95da','::1',1630546561,'__ci_last_regenerate|i:1630546561;'),('8dm9ilbg7v3deqoa9aoho0iios03fva7','::1',1630546905,'__ci_last_regenerate|i:1630546905;'),('8nqcs2kvdqs5craq5l8enh7bnqm63ejn','::1',1630549004,'__ci_last_regenerate|i:1630549004;'),('8tbs3a98lhepki6cegagit1ee0uqkuaj','::1',1630567599,'__ci_last_regenerate|i:1630567599;id_user|s:1:\"1\";username|s:5:\"admin\";email|s:15:\"admin@admin.com\";password|s:32:\"21232f297a57a5a743894a0e4a801fc3\";fullname|s:13:\"administrator\";whatsapp|s:12:\"085330067932\";id_role|s:1:\"1\";id_desa|s:3:\"130\";lock|s:1:\"Y\";role_name|s:5:\"admin\";'),('9f48inb36phu99sa2vt3ja17lqe018tn','::1',1630638657,'__ci_last_regenerate|i:1630638641;'),('adabb4ualbc1elu9tjfoue14qo5guknb','::1',1630378346,'__ci_last_regenerate|i:1630378346;id_user|s:1:\"1\";username|s:5:\"admin\";email|s:15:\"admin@admin.com\";password|s:32:\"21232f297a57a5a743894a0e4a801fc3\";fullname|s:13:\"administrator\";whatsapp|s:12:\"085330067932\";id_role|s:1:\"1\";id_desa|s:3:\"130\";lock|s:1:\"Y\";role_name|s:5:\"admin\";'),('afdc28belvjg2275lv9smblgob8jbli1','::1',1630375181,'__ci_last_regenerate|i:1630375181;'),('bpd6v1f7a221gu379m7bob3c2jr1fcip','::1',1630637415,'__ci_last_regenerate|i:1630637415;'),('c5m01f4u9brl36cj8fttaclbd9oim8gt','::1',1630379723,'__ci_last_regenerate|i:1630379723;id_user|s:3:\"161\";username|s:21:\"sumbersari_sumbersari\";email|s:37:\"sumbersari_sumbersari@jemberkab.go.id\";password|s:32:\"d19e0b5e2933194174ab49c2d3db94b2\";fullname|s:21:\"sumbersari_sumbersari\";whatsapp|N;id_role|s:1:\"2\";id_desa|s:3:\"158\";lock|s:1:\"N\";role_name|s:12:\"general_user\";'),('chnvh24lnuj704svnof1k23ujlf6a43p','::1',1630572364,'__ci_last_regenerate|i:1630572341;id_user|s:1:\"1\";username|s:5:\"admin\";email|s:15:\"admin@admin.com\";password|s:32:\"21232f297a57a5a743894a0e4a801fc3\";fullname|s:13:\"administrator\";whatsapp|s:12:\"085330067932\";id_role|s:1:\"1\";id_desa|s:3:\"130\";lock|s:1:\"Y\";role_name|s:5:\"admin\";'),('e3oovi0luh7p3cvi2ta894tul6cokp7j','::1',1630376355,'__ci_last_regenerate|i:1630376355;'),('e7ldrbr5r7bl2ri9f7ekdums17hofe77','::1',1630638641,'__ci_last_regenerate|i:1630638641;'),('econ931b15ud3s1uu8tfj2iujol7amm7','::1',1630380413,'__ci_last_regenerate|i:1630380413;id_user|s:1:\"1\";username|s:5:\"admin\";email|s:15:\"admin@admin.com\";password|s:32:\"21232f297a57a5a743894a0e4a801fc3\";fullname|s:13:\"administrator\";whatsapp|s:12:\"085330067932\";id_role|s:1:\"1\";id_desa|s:3:\"130\";lock|s:1:\"Y\";role_name|s:5:\"admin\";'),('egjc97ic26ubaq7hg7bl48rkj307cauk','::1',1630653392,'__ci_last_regenerate|i:1630653392;'),('h9vrrfhh7ahrgdl81bb9vqj7k9dfi5a3','::1',1630554818,'__ci_last_regenerate|i:1630554818;id_user|s:1:\"1\";username|s:5:\"admin\";email|s:15:\"admin@admin.com\";password|s:32:\"21232f297a57a5a743894a0e4a801fc3\";fullname|s:13:\"administrator\";whatsapp|s:12:\"085330067932\";id_role|s:1:\"1\";id_desa|s:3:\"130\";lock|s:1:\"Y\";role_name|s:5:\"admin\";'),('hg6gjc3f1v0k28350aa0r5iha9frl0ds','::1',1630379230,'__ci_last_regenerate|i:1630379230;id_user|s:3:\"161\";username|s:21:\"sumbersari_sumbersari\";email|s:37:\"sumbersari_sumbersari@jemberkab.go.id\";password|s:32:\"d19e0b5e2933194174ab49c2d3db94b2\";fullname|s:21:\"sumbersari_sumbersari\";whatsapp|N;id_role|s:1:\"2\";id_desa|s:3:\"158\";lock|s:1:\"N\";role_name|s:12:\"general_user\";'),('hm5jb2j4tc0qesrrf4uvmr8hggmj7c85','::1',1630567285,'__ci_last_regenerate|i:1630567285;'),('j5q484e76ge1v2s5h88i9nvv6vrk6udi','::1',1630553106,'__ci_last_regenerate|i:1630553106;'),('jbvu0n4pt9vg1h5qcrshvsg1gjkgall0','::1',1630978946,'__ci_last_regenerate|i:1630978946;id_user|s:1:\"1\";username|s:5:\"admin\";email|s:15:\"admin@admin.com\";password|s:32:\"21232f297a57a5a743894a0e4a801fc3\";fullname|s:13:\"administrator\";whatsapp|s:12:\"085330067932\";id_role|s:1:\"1\";id_desa|s:3:\"130\";lock|s:1:\"Y\";role_name|s:5:\"admin\";'),('m2pr5h1upuj3i9r6oa4pvghcl8g3lgbp','::1',1630977483,'__ci_last_regenerate|i:1630977483;id_user|s:1:\"1\";username|s:5:\"admin\";email|s:15:\"admin@admin.com\";password|s:32:\"21232f297a57a5a743894a0e4a801fc3\";fullname|s:13:\"administrator\";whatsapp|s:12:\"085330067932\";id_role|s:1:\"1\";id_desa|s:3:\"130\";lock|s:1:\"Y\";role_name|s:5:\"admin\";'),('ma3dblbnt7cpegtv5ths39vl8vm2h5c2','::1',1630555358,'__ci_last_regenerate|i:1630555358;id_user|s:1:\"1\";username|s:5:\"admin\";email|s:15:\"admin@admin.com\";password|s:32:\"21232f297a57a5a743894a0e4a801fc3\";fullname|s:13:\"administrator\";whatsapp|s:12:\"085330067932\";id_role|s:1:\"1\";id_desa|s:3:\"130\";lock|s:1:\"Y\";role_name|s:5:\"admin\";'),('mvpdg4l276hf31tqc1e69b6asdv28pni','::1',1630552778,'__ci_last_regenerate|i:1630552778;'),('n896pta52thss0vt08tdqkg5ck95rbos','::1',1630395776,'__ci_last_regenerate|i:1630395776;id_user|s:1:\"1\";username|s:5:\"admin\";email|s:15:\"admin@admin.com\";password|s:32:\"21232f297a57a5a743894a0e4a801fc3\";fullname|s:13:\"administrator\";whatsapp|s:12:\"085330067932\";id_role|s:1:\"1\";id_desa|s:3:\"130\";lock|s:1:\"Y\";role_name|s:5:\"admin\";'),('nru4jfktq7q2lttrrafcj8aqe420rtl0','::1',1630653407,'__ci_last_regenerate|i:1630653392;'),('ove4g0pplebeimnrdnn3otkljt0i9gcu','::1',1630383309,'__ci_last_regenerate|i:1630383309;id_user|s:3:\"161\";username|s:21:\"sumbersari_sumbersari\";email|s:37:\"sumbersari_sumbersari@jemberkab.go.id\";password|s:32:\"d19e0b5e2933194174ab49c2d3db94b2\";fullname|s:21:\"sumbersari_sumbersari\";whatsapp|N;id_role|s:1:\"2\";id_desa|s:3:\"158\";lock|s:1:\"N\";role_name|s:12:\"general_user\";'),('p780vn7d90u1lune0cn539ak0c2v7uqn','::1',1630555694,'__ci_last_regenerate|i:1630555694;id_user|s:1:\"1\";username|s:5:\"admin\";email|s:15:\"admin@admin.com\";password|s:32:\"21232f297a57a5a743894a0e4a801fc3\";fullname|s:13:\"administrator\";whatsapp|s:12:\"085330067932\";id_role|s:1:\"1\";id_desa|s:3:\"130\";lock|s:1:\"Y\";role_name|s:5:\"admin\";'),('p9qvq70jfmcvevu5na25aluk1ukso9us','::1',1630395863,'__ci_last_regenerate|i:1630395776;id_user|s:1:\"1\";username|s:5:\"admin\";email|s:15:\"admin@admin.com\";password|s:32:\"21232f297a57a5a743894a0e4a801fc3\";fullname|s:13:\"administrator\";whatsapp|s:12:\"085330067932\";id_role|s:1:\"1\";id_desa|s:3:\"130\";lock|s:1:\"Y\";role_name|s:5:\"admin\";'),('qmaem15fjj8e61dvgj0ov8j56gvqvn7j','::1',1630978946,'__ci_last_regenerate|i:1630978946;id_user|s:1:\"1\";username|s:5:\"admin\";email|s:15:\"admin@admin.com\";password|s:32:\"21232f297a57a5a743894a0e4a801fc3\";fullname|s:13:\"administrator\";whatsapp|s:12:\"085330067932\";id_role|s:1:\"1\";id_desa|s:3:\"130\";lock|s:1:\"Y\";role_name|s:5:\"admin\";'),('sg86iso64ii3o9vpp5tsfobq289rihe8','::1',1630552474,'__ci_last_regenerate|i:1630552474;'),('ujln2nfcovib5m2277gnh6td13blvgfb','::1',1630548687,'__ci_last_regenerate|i:1630548687;'),('v9ph6bbvdpm8bsjpeg12mgrurlgkerjb','::1',1630377751,'__ci_last_regenerate|i:1630377751;id_user|s:1:\"1\";username|s:5:\"admin\";email|s:15:\"admin@admin.com\";password|s:32:\"21232f297a57a5a743894a0e4a801fc3\";fullname|s:13:\"administrator\";whatsapp|s:12:\"085330067932\";id_role|s:1:\"1\";id_desa|s:3:\"130\";lock|s:1:\"Y\";role_name|s:5:\"admin\";');
/*!40000 ALTER TABLE `__ci_sessions` ENABLE KEYS */;
UNLOCK TABLES;

--
-- Table structure for table `_roles`
--

DROP TABLE IF EXISTS `_roles`;
/*!40101 SET @saved_cs_client     = @@character_set_client */;
/*!40101 SET character_set_client = utf8 */;
CREATE TABLE `_roles` (
  `id_role` int(11) NOT NULL AUTO_INCREMENT,
  `role_name` varchar(200) DEFAULT NULL,
  PRIMARY KEY (`id_role`)
) ENGINE=InnoDB AUTO_INCREMENT=3 DEFAULT CHARSET=utf8mb4;
/*!40101 SET character_set_client = @saved_cs_client */;

--
-- Dumping data for table `_roles`
--

LOCK TABLES `_roles` WRITE;
/*!40000 ALTER TABLE `_roles` DISABLE KEYS */;
INSERT INTO `_roles` VALUES (1,'admin'),(2,'general_user');
/*!40000 ALTER TABLE `_roles` ENABLE KEYS */;
UNLOCK TABLES;

--
-- Table structure for table `_trash`
--

DROP TABLE IF EXISTS `_trash`;
/*!40101 SET @saved_cs_client     = @@character_set_client */;
/*!40101 SET character_set_client = utf8 */;
CREATE TABLE `_trash` (
  `id_trash` int(200) NOT NULL AUTO_INCREMENT,
  `table` varchar(200) DEFAULT NULL,
  `param` text DEFAULT NULL,
  `created_at` timestamp NOT NULL DEFAULT current_timestamp(),
  PRIMARY KEY (`id_trash`)
) ENGINE=InnoDB AUTO_INCREMENT=15 DEFAULT CHARSET=utf8mb4;
/*!40101 SET character_set_client = @saved_cs_client */;

--
-- Dumping data for table `_trash`
--

LOCK TABLES `_trash` WRITE;
/*!40000 ALTER TABLE `_trash` DISABLE KEYS */;
INSERT INTO `_trash` VALUES (1,'desa','{\"id_desa\":\"1\",\"id_kecamatan\":\"35.9.01\",\"nama_desa\":\"PADOMASAN\"}','2021-06-10 02:54:52'),(2,'kecamatan','{\"id_kecamatan\":\"35.9.01\",\"nama_kecamatan\":\"JOMBANG\"}','2021-06-10 02:59:55'),(3,'_user','{\"id_user\":\"1\",\"username\":\"admin\",\"email\":\"admin@admin.com\",\"password\":\"21232f297a57a5a743894a0e4a801fc3\",\"fullname\":\"administrator\",\"whatsapp\":\"085330067932\",\"id_role\":\"1\",\"id_desa\":null,\"lock\":\"Y\"}','2021-06-10 04:02:29'),(4,'_user','{\"id_user\":\"1\",\"username\":\"admin\",\"email\":\"admin@admin.com\",\"password\":\"21232f297a57a5a743894a0e4a801fc3\",\"fullname\":\"administrator\",\"whatsapp\":\"085330067932\",\"id_role\":\"1\",\"id_desa\":null,\"lock\":\"Y\"}','2021-06-10 04:02:30'),(5,'_user','{\"id_user\":\"252\",\"username\":\"haris\",\"email\":\"haris@mail.com\",\"password\":\"c8910b7ee4d388d81bffee5cd963c41f\",\"fullname\":\"haris\",\"whatsapp\":\"123123123123\",\"id_role\":\"2\",\"id_desa\":\"62\",\"lock\":\"N\"}','2021-06-10 06:25:24'),(6,'_user','[]','2021-06-10 06:25:24'),(7,'desa_lagu','{\"id_lagu\":\"5\",\"id_desa\":\"158\",\"foto\":\"8305f-17112013-kopi-1.jpg\",\"nama_lagu\":\"judul lagu bebas aja\",\"lagu\":\"\",\"content\":\"<p>\\n\\t<span style=\\\"color: rgb(0, 0, 0); font-family: Arial, Helvetica, Tahoma, Verdana, sans-serif;\\\">Lorem ipsum dolor sit amet, consectetuer adipiscing elit. Maecenas feugiat consequat diam. Maecenas metus. Vivamus diam purus, cursus a, commodo non, facilisis vitae, nulla. Aenean dictum lacinia tortor. Nunc iaculis, nibh non iaculis aliquam, orci felis euismod neque, sed ornare massa mauris sed velit. Nulla pretium mi et risus. Fusce mi pede, tempor id, cursus ac, ullamcorper nec, enim. Sed tortor. Curabitur molestie. Duis velit augue, condimentum at, ultrices a, luctus ut, orci. Donec pellentesque egestas eros. Integer cursus, augue in cursus faucibus, eros pede bibendum sem, in tempus tellus justo quis ligula. Etiam eget tortor. Vestibulum rutrum, est ut placerat elementum, lectus nisl aliquam velit, tempor aliquam eros nunc nonummy metus. In eros metus, gravida a, gravida sed, lobortis id, turpis. Ut ultrices, ipsum at venenatis fringilla, sem nulla lacinia tellus, eget aliquet turpis mauris non enim. Nam turpis. Suspendisse lacinia. Curabitur ac tortor ut ipsum egestas elementum. Nunc imperdiet gravida mauris.<\\/span><\\/p>\\n\"}','2021-07-20 05:44:16'),(8,'desa_lagu','{\"id_lagu\":\"4\",\"id_desa\":\"158\",\"foto\":\"a38a6-capture.png\",\"nama_lagu\":\"video woro widiowati tak ikhlasno\",\"lagu\":\"\",\"content\":\"<p>\\n\\t<span style=\\\"color: rgb(0, 0, 0); font-family: Arial, Helvetica, Tahoma, Verdana, sans-serif;\\\">Lorem ipsum dolor sit amet, consectetuer adipiscing elit. Maecenas feugiat consequat diam. Maecenas metus. Vivamus diam purus, cursus a, commodo non, facilisis vitae, nulla. Aenean dictum lacinia tortor. Nunc iaculis, nibh non iaculis aliquam, orci felis euismod neque, sed ornare massa mauris sed velit. Nulla pretium mi et risus. Fusce mi pede, tempor id, cursus ac, ullamcorper nec, enim. Sed tortor. Curabitur molestie. Duis velit augue, condimentum at, ultrices a, luctus ut, orci. Donec pellentesque egestas eros. Integer cursus, augue in cursus faucibus, eros pede bibendum sem, in tempus tellus justo quis ligula. Etiam eget tortor. Vestibulum rutrum, est ut placerat elementum, lectus nisl aliquam velit, tempor aliquam eros nunc nonummy metus. In eros metus, gravida a, gravida sed, lobortis id, turpis. Ut ultrices, ipsum at venenatis fringilla, sem nulla lacinia tellus, eget aliquet turpis mauris non enim. Nam turpis. Suspendisse lacinia. Curabitur ac tortor ut ipsum egestas elementum. Nunc imperdiet gravida mauris.<\\/span><\\/p>\\n\"}','2021-07-20 06:00:08'),(9,'desa_lagu','[]','2021-07-20 06:00:08'),(10,'desa_lagu','{\"id_lagu\":\"6\",\"id_desa\":\"158\",\"foto\":\"9fb0e-43484a1d-f05c-458a-998c-6d4148e22b31_43.jpeg\",\"nama_lagu\":\"woro widoyowati tak ikhlasno\",\"lagu\":\"\",\"content\":null}','2021-07-20 14:29:02'),(11,'desa_lagu','[]','2021-07-20 14:29:02'),(12,'desa_lagu','{\"id_lagu\":\"7\",\"id_desa\":\"158\",\"foto\":\"73722-kab.jember.png\",\"nama_lagu\":\"woro widiowati bebas\",\"lagu\":\"\",\"content\":\"<p>\\n\\t<span style=\\\"color: rgb(0, 0, 0); font-family: Arial, Helvetica, Tahoma, Verdana, sans-serif;\\\">Lorem ipsum dolor sit amet, consectetuer adipiscing elit. Maecenas feugiat consequat diam. Maecenas metus. Vivamus diam purus, cursus a, commodo non, facilisis vitae, nulla. Aenean dictum lacinia tortor. Nunc iaculis, nibh non iaculis aliquam, orci felis euismod neque, sed ornare massa mauris sed velit. Nulla pretium mi et risus. Fusce mi pede, tempor id, cursus ac, ullamcorper nec, enim. Sed tortor. Curabitur molestie. Duis velit augue,<\\/span><\\/p>\\n\",\"kali_diputar\":\"3\"}','2021-07-22 02:30:06'),(13,'desa_lagu','[]','2021-07-22 02:30:07'),(14,'desa_lagu','{\"id_lagu\":\"2\",\"no_urut\":\"0\",\"id_desa\":\"158\",\"foto\":\"d4b53-motif-batik-bali-768x429.jpg\",\"nama_lagu\":\"fgdfgdfgdfg\",\"lagu\":\"b7c04-maid-with-the-flaxen-hair.mp3\",\"content\":\"<p>\\n\\tsdfsdfsdf<\\/p>\\n\",\"kali_diputar\":\"0\"}','2021-08-31 03:04:46');
/*!40000 ALTER TABLE `_trash` ENABLE KEYS */;
UNLOCK TABLES;

--
-- Table structure for table `_user`
--

DROP TABLE IF EXISTS `_user`;
/*!40101 SET @saved_cs_client     = @@character_set_client */;
/*!40101 SET character_set_client = utf8 */;
CREATE TABLE `_user` (
  `id_user` int(11) NOT NULL AUTO_INCREMENT,
  `username` varchar(200) DEFAULT NULL,
  `email` varchar(200) DEFAULT NULL,
  `password` varchar(200) DEFAULT NULL,
  `fullname` varchar(200) DEFAULT NULL,
  `whatsapp` varchar(200) DEFAULT NULL,
  `id_role` int(11) DEFAULT NULL,
  `id_desa` int(11) DEFAULT NULL,
  `lock` enum('Y','N') NOT NULL DEFAULT 'N',
  PRIMARY KEY (`id_user`)
) ENGINE=InnoDB AUTO_INCREMENT=253 DEFAULT CHARSET=utf8mb4;
/*!40101 SET character_set_client = @saved_cs_client */;

--
-- Dumping data for table `_user`
--

LOCK TABLES `_user` WRITE;
/*!40000 ALTER TABLE `_user` DISABLE KEYS */;
INSERT INTO `_user` VALUES (1,'admin','admin@admin.com','21232f297a57a5a743894a0e4a801fc3','administrator','085330067932',1,130,'Y'),(4,'padomasan_jombang','padomasan_jombang@jemberkab.go.id','d19e0b5e2933194174ab49c2d3db94b2','padomasan_jombang',NULL,2,1,'N'),(5,'keting_jombang','keting_jombang@jemberkab.go.id','d19e0b5e2933194174ab49c2d3db94b2','keting_jombang',NULL,2,2,'N'),(6,'jombang_jombang','jombang_jombang@jemberkab.go.id','d19e0b5e2933194174ab49c2d3db94b2','jombang_jombang',NULL,2,3,'N'),(7,'ngampelrejo_jombang','ngampelrejo_jombang@jemberkab.go.id','d19e0b5e2933194174ab49c2d3db94b2','ngampelrejo_jombang',NULL,2,4,'N'),(8,'wringinagung_jombang','wringinagung_jombang@jemberkab.go.id','d19e0b5e2933194174ab49c2d3db94b2','wringinagung_jombang',NULL,2,5,'N'),(9,'sarimulyo_jombang','sarimulyo_jombang@jemberkab.go.id','d19e0b5e2933194174ab49c2d3db94b2','sarimulyo_jombang',NULL,2,6,'N'),(10,'cakru_kencong','cakru_kencong@jemberkab.go.id','d19e0b5e2933194174ab49c2d3db94b2','cakru_kencong',NULL,2,7,'N'),(11,'paseban_kencong','paseban_kencong@jemberkab.go.id','d19e0b5e2933194174ab49c2d3db94b2','paseban_kencong',NULL,2,8,'N'),(12,'kraton_kencong','kraton_kencong@jemberkab.go.id','d19e0b5e2933194174ab49c2d3db94b2','kraton_kencong',NULL,2,9,'N'),(13,'kencong_kencong','kencong_kencong@jemberkab.go.id','d19e0b5e2933194174ab49c2d3db94b2','kencong_kencong',NULL,2,10,'N'),(14,'wonorejo_kencong','wonorejo_kencong@jemberkab.go.id','d19e0b5e2933194174ab49c2d3db94b2','wonorejo_kencong',NULL,2,11,'N'),(15,'jamintoro_sumberbaru','jamintoro_sumberbaru@jemberkab.go.id','d19e0b5e2933194174ab49c2d3db94b2','jamintoro_sumberbaru',NULL,2,12,'N'),(16,'jatiroto_sumberbaru','jatiroto_sumberbaru@jemberkab.go.id','d19e0b5e2933194174ab49c2d3db94b2','jatiroto_sumberbaru',NULL,2,13,'N'),(17,'kaliglagah_sumberbaru','kaliglagah_sumberbaru@jemberkab.go.id','d19e0b5e2933194174ab49c2d3db94b2','kaliglagah_sumberbaru',NULL,2,14,'N'),(18,'jambesari_sumberbaru','jambesari_sumberbaru@jemberkab.go.id','d19e0b5e2933194174ab49c2d3db94b2','jambesari_sumberbaru',NULL,2,15,'N'),(19,'yosorati_sumberbaru','yosorati_sumberbaru@jemberkab.go.id','d19e0b5e2933194174ab49c2d3db94b2','yosorati_sumberbaru',NULL,2,16,'N'),(20,'sumberagung_sumberbaru','sumberagung_sumberbaru@jemberkab.go.id','d19e0b5e2933194174ab49c2d3db94b2','sumberagung_sumberbaru',NULL,2,17,'N'),(21,'gelang_sumberbaru','gelang_sumberbaru@jemberkab.go.id','d19e0b5e2933194174ab49c2d3db94b2','gelang_sumberbaru',NULL,2,18,'N'),(22,'rowotengah_sumberbaru','rowotengah_sumberbaru@jemberkab.go.id','d19e0b5e2933194174ab49c2d3db94b2','rowotengah_sumberbaru',NULL,2,19,'N'),(23,'pringgowirawan_sumberbaru','pringgowirawan_sumberbaru@jemberkab.go.id','d19e0b5e2933194174ab49c2d3db94b2','pringgowirawan_sumberbaru',NULL,2,20,'N'),(24,'karangbayat_sumberbaru','karangbayat_sumberbaru@jemberkab.go.id','d19e0b5e2933194174ab49c2d3db94b2','karangbayat_sumberbaru',NULL,2,21,'N'),(25,'kepanjen_gumukmas','kepanjen_gumukmas@jemberkab.go.id','d19e0b5e2933194174ab49c2d3db94b2','kepanjen_gumukmas',NULL,2,22,'N'),(26,'mayangan_gumukmas','mayangan_gumukmas@jemberkab.go.id','d19e0b5e2933194174ab49c2d3db94b2','mayangan_gumukmas',NULL,2,23,'N'),(27,'gumukmas_gumukmas','gumukmas_gumukmas@jemberkab.go.id','d19e0b5e2933194174ab49c2d3db94b2','gumukmas_gumukmas',NULL,2,24,'N'),(28,'menampu_gumukmas','menampu_gumukmas@jemberkab.go.id','d19e0b5e2933194174ab49c2d3db94b2','menampu_gumukmas',NULL,2,25,'N'),(29,'tembokrejo_gumukmas','tembokrejo_gumukmas@jemberkab.go.id','d19e0b5e2933194174ab49c2d3db94b2','tembokrejo_gumukmas',NULL,2,26,'N'),(30,'purwoasri_gumukmas','purwoasri_gumukmas@jemberkab.go.id','d19e0b5e2933194174ab49c2d3db94b2','purwoasri_gumukmas',NULL,2,27,'N'),(31,'bagorejo_gumukmas','bagorejo_gumukmas@jemberkab.go.id','d19e0b5e2933194174ab49c2d3db94b2','bagorejo_gumukmas',NULL,2,28,'N'),(32,'karangrejo_gumukmas','karangrejo_gumukmas@jemberkab.go.id','d19e0b5e2933194174ab49c2d3db94b2','karangrejo_gumukmas',NULL,2,29,'N'),(33,'sukoreno_umbulsari','sukoreno_umbulsari@jemberkab.go.id','d19e0b5e2933194174ab49c2d3db94b2','sukoreno_umbulsari',NULL,2,30,'N'),(34,'sidorejo_umbulsari','sidorejo_umbulsari@jemberkab.go.id','d19e0b5e2933194174ab49c2d3db94b2','sidorejo_umbulsari',NULL,2,31,'N'),(35,'gunungsari_umbulsari','gunungsari_umbulsari@jemberkab.go.id','d19e0b5e2933194174ab49c2d3db94b2','gunungsari_umbulsari',NULL,2,32,'N'),(36,'gadingrejo_umbulsari','gadingrejo_umbulsari@jemberkab.go.id','d19e0b5e2933194174ab49c2d3db94b2','gadingrejo_umbulsari',NULL,2,33,'N'),(37,'umbulrejo_umbulsari','umbulrejo_umbulsari@jemberkab.go.id','d19e0b5e2933194174ab49c2d3db94b2','umbulrejo_umbulsari',NULL,2,34,'N'),(38,'umbulsari_umbulsari','umbulsari_umbulsari@jemberkab.go.id','d19e0b5e2933194174ab49c2d3db94b2','umbulsari_umbulsari',NULL,2,35,'N'),(39,'tanjungsari_umbulsari','tanjungsari_umbulsari@jemberkab.go.id','d19e0b5e2933194174ab49c2d3db94b2','tanjungsari_umbulsari',NULL,2,36,'N'),(40,'tegalwangi_umbulsari','tegalwangi_umbulsari@jemberkab.go.id','d19e0b5e2933194174ab49c2d3db94b2','tegalwangi_umbulsari',NULL,2,37,'N'),(41,'paleran_umbulsari','paleran_umbulsari@jemberkab.go.id','d19e0b5e2933194174ab49c2d3db94b2','paleran_umbulsari',NULL,2,38,'N'),(42,'mundurejo_umbulsari','mundurejo_umbulsari@jemberkab.go.id','d19e0b5e2933194174ab49c2d3db94b2','mundurejo_umbulsari',NULL,2,39,'N'),(43,'tanggulkulon_tanggul','tanggulkulon_tanggul@jemberkab.go.id','d19e0b5e2933194174ab49c2d3db94b2','tanggulkulon_tanggul',NULL,2,40,'N'),(44,'tanggulwetan_tanggul','tanggulwetan_tanggul@jemberkab.go.id','d19e0b5e2933194174ab49c2d3db94b2','tanggulwetan_tanggul',NULL,2,41,'N'),(45,'patemon_tanggul','patemon_tanggul@jemberkab.go.id','d19e0b5e2933194174ab49c2d3db94b2','patemon_tanggul',NULL,2,42,'N'),(46,'darungan_tanggul','darungan_tanggul@jemberkab.go.id','d19e0b5e2933194174ab49c2d3db94b2','darungan_tanggul',NULL,2,43,'N'),(47,'manggisan_tanggul','manggisan_tanggul@jemberkab.go.id','d19e0b5e2933194174ab49c2d3db94b2','manggisan_tanggul',NULL,2,44,'N'),(48,'selodakon_tanggul','selodakon_tanggul@jemberkab.go.id','d19e0b5e2933194174ab49c2d3db94b2','selodakon_tanggul',NULL,2,45,'N'),(49,'kramatsukoharjo_tanggul','kramatsukoharjo_tanggul@jemberkab.go.id','d19e0b5e2933194174ab49c2d3db94b2','kramatsukoharjo_tanggul',NULL,2,46,'N'),(50,'klatakan_tanggul','klatakan_tanggul@jemberkab.go.id','d19e0b5e2933194174ab49c2d3db94b2','klatakan_tanggul',NULL,2,47,'N'),(51,'pondokjoyo_semboro','pondokjoyo_semboro@jemberkab.go.id','d19e0b5e2933194174ab49c2d3db94b2','pondokjoyo_semboro',NULL,2,48,'N'),(52,'pondokdalem_semboro','pondokdalem_semboro@jemberkab.go.id','d19e0b5e2933194174ab49c2d3db94b2','pondokdalem_semboro',NULL,2,49,'N'),(53,'rejoagung_semboro','rejoagung_semboro@jemberkab.go.id','d19e0b5e2933194174ab49c2d3db94b2','rejoagung_semboro',NULL,2,50,'N'),(54,'semboro_semboro','semboro_semboro@jemberkab.go.id','d19e0b5e2933194174ab49c2d3db94b2','semboro_semboro',NULL,2,51,'N'),(55,'sidomekar_semboro','sidomekar_semboro@jemberkab.go.id','d19e0b5e2933194174ab49c2d3db94b2','sidomekar_semboro',NULL,2,52,'N'),(56,'sidomulyo_semboro','sidomulyo_semboro@jemberkab.go.id','d19e0b5e2933194174ab49c2d3db94b2','sidomulyo_semboro',NULL,2,53,'N'),(57,'mlokorejo_puger','mlokorejo_puger@jemberkab.go.id','d19e0b5e2933194174ab49c2d3db94b2','mlokorejo_puger',NULL,2,54,'N'),(58,'mojomulyo_puger','mojomulyo_puger@jemberkab.go.id','d19e0b5e2933194174ab49c2d3db94b2','mojomulyo_puger',NULL,2,55,'N'),(59,'mojosari_puger','mojosari_puger@jemberkab.go.id','d19e0b5e2933194174ab49c2d3db94b2','mojosari_puger',NULL,2,56,'N'),(60,'pugerkulon_puger','pugerkulon_puger@jemberkab.go.id','d19e0b5e2933194174ab49c2d3db94b2','pugerkulon_puger',NULL,2,57,'N'),(61,'wringintelu_puger','wringintelu_puger@jemberkab.go.id','d19e0b5e2933194174ab49c2d3db94b2','wringintelu_puger',NULL,2,58,'N'),(62,'kasiyan_puger','kasiyan_puger@jemberkab.go.id','d19e0b5e2933194174ab49c2d3db94b2','kasiyan_puger',NULL,2,59,'N'),(63,'bagon_puger','bagon_puger@jemberkab.go.id','d19e0b5e2933194174ab49c2d3db94b2','bagon_puger',NULL,2,60,'N'),(64,'kasiyantimur_puger','kasiyantimur_puger@jemberkab.go.id','d19e0b5e2933194174ab49c2d3db94b2','kasiyantimur_puger',NULL,2,61,'N'),(65,'wonosari_puger','wonosari_puger@jemberkab.go.id','d19e0b5e2933194174ab49c2d3db94b2','wonosari_puger',NULL,2,62,'N'),(66,'jambearum_puger','jambearum_puger@jemberkab.go.id','d19e0b5e2933194174ab49c2d3db94b2','jambearum_puger',NULL,2,63,'N'),(67,'grenden_puger','grenden_puger@jemberkab.go.id','d19e0b5e2933194174ab49c2d3db94b2','grenden_puger',NULL,2,64,'N'),(68,'pugerwetan_puger','pugerwetan_puger@jemberkab.go.id','d19e0b5e2933194174ab49c2d3db94b2','pugerwetan_puger',NULL,2,65,'N'),(69,'curahkalong_bangsalsari','curahkalong_bangsalsari@jemberkab.go.id','d19e0b5e2933194174ab49c2d3db94b2','curahkalong_bangsalsari',NULL,2,66,'N'),(70,'gambirono_bangsalsari','gambirono_bangsalsari@jemberkab.go.id','d19e0b5e2933194174ab49c2d3db94b2','gambirono_bangsalsari',NULL,2,67,'N'),(71,'bangsalsari_bangsalsari','bangsalsari_bangsalsari@jemberkab.go.id','d19e0b5e2933194174ab49c2d3db94b2','bangsalsari_bangsalsari',NULL,2,68,'N'),(72,'tugusari_bangsalsari','tugusari_bangsalsari@jemberkab.go.id','d19e0b5e2933194174ab49c2d3db94b2','tugusari_bangsalsari',NULL,2,69,'N'),(73,'karangsono_bangsalsari','karangsono_bangsalsari@jemberkab.go.id','d19e0b5e2933194174ab49c2d3db94b2','karangsono_bangsalsari',NULL,2,70,'N'),(74,'sukorejo_bangsalsari','sukorejo_bangsalsari@jemberkab.go.id','d19e0b5e2933194174ab49c2d3db94b2','sukorejo_bangsalsari',NULL,2,71,'N'),(75,'langkap_bangsalsari','langkap_bangsalsari@jemberkab.go.id','d19e0b5e2933194174ab49c2d3db94b2','langkap_bangsalsari',NULL,2,72,'N'),(76,'tisnogambar_bangsalsari','tisnogambar_bangsalsari@jemberkab.go.id','d19e0b5e2933194174ab49c2d3db94b2','tisnogambar_bangsalsari',NULL,2,73,'N'),(77,'petung_bangsalsari','petung_bangsalsari@jemberkab.go.id','d19e0b5e2933194174ab49c2d3db94b2','petung_bangsalsari',NULL,2,74,'N'),(78,'banjarsari_bangsalsari','banjarsari_bangsalsari@jemberkab.go.id','d19e0b5e2933194174ab49c2d3db94b2','banjarsari_bangsalsari',NULL,2,75,'N'),(79,'badean_bangsalsari','badean_bangsalsari@jemberkab.go.id','d19e0b5e2933194174ab49c2d3db94b2','badean_bangsalsari',NULL,2,76,'N'),(80,'karangduren_balung','karangduren_balung@jemberkab.go.id','d19e0b5e2933194174ab49c2d3db94b2','karangduren_balung',NULL,2,77,'N'),(81,'karangsemanding_balung','karangsemanding_balung@jemberkab.go.id','d19e0b5e2933194174ab49c2d3db94b2','karangsemanding_balung',NULL,2,78,'N'),(82,'tutul_balung','tutul_balung@jemberkab.go.id','d19e0b5e2933194174ab49c2d3db94b2','tutul_balung',NULL,2,79,'N'),(83,'balungkulon_balung','balungkulon_balung@jemberkab.go.id','d19e0b5e2933194174ab49c2d3db94b2','balungkulon_balung',NULL,2,80,'N'),(84,'balunglor_balung','balunglor_balung@jemberkab.go.id','d19e0b5e2933194174ab49c2d3db94b2','balunglor_balung',NULL,2,81,'N'),(85,'balungkidul_balung','balungkidul_balung@jemberkab.go.id','d19e0b5e2933194174ab49c2d3db94b2','balungkidul_balung',NULL,2,82,'N'),(86,'curahlele_balung','curahlele_balung@jemberkab.go.id','d19e0b5e2933194174ab49c2d3db94b2','curahlele_balung',NULL,2,83,'N'),(87,'gumelar_balung','gumelar_balung@jemberkab.go.id','d19e0b5e2933194174ab49c2d3db94b2','gumelar_balung',NULL,2,84,'N'),(88,'lojejer_wuluhan','lojejer_wuluhan@jemberkab.go.id','d19e0b5e2933194174ab49c2d3db94b2','lojejer_wuluhan',NULL,2,85,'N'),(89,'ampel_wuluhan','ampel_wuluhan@jemberkab.go.id','d19e0b5e2933194174ab49c2d3db94b2','ampel_wuluhan',NULL,2,86,'N'),(90,'tamansari_wuluhan','tamansari_wuluhan@jemberkab.go.id','d19e0b5e2933194174ab49c2d3db94b2','tamansari_wuluhan',NULL,2,87,'N'),(91,'dukuhdempok_wuluhan','dukuhdempok_wuluhan@jemberkab.go.id','d19e0b5e2933194174ab49c2d3db94b2','dukuhdempok_wuluhan',NULL,2,88,'N'),(92,'glundengan_wuluhan','glundengan_wuluhan@jemberkab.go.id','d19e0b5e2933194174ab49c2d3db94b2','glundengan_wuluhan',NULL,2,89,'N'),(93,'tanjungrejo_wuluhan','tanjungrejo_wuluhan@jemberkab.go.id','d19e0b5e2933194174ab49c2d3db94b2','tanjungrejo_wuluhan',NULL,2,90,'N'),(94,'kesilir_wuluhan','kesilir_wuluhan@jemberkab.go.id','d19e0b5e2933194174ab49c2d3db94b2','kesilir_wuluhan',NULL,2,91,'N'),(95,'tegalsari_ambulu','tegalsari_ambulu@jemberkab.go.id','d19e0b5e2933194174ab49c2d3db94b2','tegalsari_ambulu',NULL,2,92,'N'),(96,'sabrang_ambulu','sabrang_ambulu@jemberkab.go.id','d19e0b5e2933194174ab49c2d3db94b2','sabrang_ambulu',NULL,2,93,'N'),(97,'sumberrejo_ambulu','sumberrejo_ambulu@jemberkab.go.id','d19e0b5e2933194174ab49c2d3db94b2','sumberrejo_ambulu',NULL,2,94,'N'),(98,'ambulu_ambulu','ambulu_ambulu@jemberkab.go.id','d19e0b5e2933194174ab49c2d3db94b2','ambulu_ambulu',NULL,2,95,'N'),(99,'karanganyar_ambulu','karanganyar_ambulu@jemberkab.go.id','d19e0b5e2933194174ab49c2d3db94b2','karanganyar_ambulu',NULL,2,96,'N'),(100,'andongsari_ambulu','andongsari_ambulu@jemberkab.go.id','d19e0b5e2933194174ab49c2d3db94b2','andongsari_ambulu',NULL,2,97,'N'),(101,'pontang_ambulu','pontang_ambulu@jemberkab.go.id','d19e0b5e2933194174ab49c2d3db94b2','pontang_ambulu',NULL,2,98,'N'),(102,'nogosari_rambipuji','nogosari_rambipuji@jemberkab.go.id','d19e0b5e2933194174ab49c2d3db94b2','nogosari_rambipuji',NULL,2,99,'N'),(103,'curahmalang_rambipuji','curahmalang_rambipuji@jemberkab.go.id','d19e0b5e2933194174ab49c2d3db94b2','curahmalang_rambipuji',NULL,2,100,'N'),(104,'rowotamtu_rambipuji','rowotamtu_rambipuji@jemberkab.go.id','d19e0b5e2933194174ab49c2d3db94b2','rowotamtu_rambipuji',NULL,2,101,'N'),(105,'kaliwining_rambipuji','kaliwining_rambipuji@jemberkab.go.id','d19e0b5e2933194174ab49c2d3db94b2','kaliwining_rambipuji',NULL,2,102,'N'),(106,'pecoro_rambipuji','pecoro_rambipuji@jemberkab.go.id','d19e0b5e2933194174ab49c2d3db94b2','pecoro_rambipuji',NULL,2,103,'N'),(107,'rambipuji_rambipuji','rambipuji_rambipuji@jemberkab.go.id','d19e0b5e2933194174ab49c2d3db94b2','rambipuji_rambipuji',NULL,2,104,'N'),(108,'gugut_rambipuji','gugut_rambipuji@jemberkab.go.id','d19e0b5e2933194174ab49c2d3db94b2','gugut_rambipuji',NULL,2,105,'N'),(109,'rambigundam_rambipuji','rambigundam_rambipuji@jemberkab.go.id','d19e0b5e2933194174ab49c2d3db94b2','rambigundam_rambipuji',NULL,2,106,'N'),(110,'pakis_panti','pakis_panti@jemberkab.go.id','d19e0b5e2933194174ab49c2d3db94b2','pakis_panti',NULL,2,107,'N'),(111,'kemuningsarilor_panti','kemuningsarilor_panti@jemberkab.go.id','d19e0b5e2933194174ab49c2d3db94b2','kemuningsarilor_panti',NULL,2,108,'N'),(112,'panti_panti','panti_panti@jemberkab.go.id','d19e0b5e2933194174ab49c2d3db94b2','panti_panti',NULL,2,109,'N'),(113,'glagahwero_panti','glagahwero_panti@jemberkab.go.id','d19e0b5e2933194174ab49c2d3db94b2','glagahwero_panti',NULL,2,110,'N'),(114,'suci_panti','suci_panti@jemberkab.go.id','d19e0b5e2933194174ab49c2d3db94b2','suci_panti',NULL,2,111,'N'),(115,'kemiri_panti','kemiri_panti@jemberkab.go.id','d19e0b5e2933194174ab49c2d3db94b2','kemiri_panti',NULL,2,112,'N'),(116,'serut_panti','serut_panti@jemberkab.go.id','d19e0b5e2933194174ab49c2d3db94b2','serut_panti',NULL,2,113,'N'),(117,'jubung_sukorambi','jubung_sukorambi@jemberkab.go.id','d19e0b5e2933194174ab49c2d3db94b2','jubung_sukorambi',NULL,2,114,'N'),(118,'dukuhmencek_sukorambi','dukuhmencek_sukorambi@jemberkab.go.id','d19e0b5e2933194174ab49c2d3db94b2','dukuhmencek_sukorambi',NULL,2,115,'N'),(119,'sukorambi_sukorambi','sukorambi_sukorambi@jemberkab.go.id','d19e0b5e2933194174ab49c2d3db94b2','sukorambi_sukorambi',NULL,2,116,'N'),(120,'karangpring_sukorambi','karangpring_sukorambi@jemberkab.go.id','d19e0b5e2933194174ab49c2d3db94b2','karangpring_sukorambi',NULL,2,117,'N'),(121,'klungkung_sukorambi','klungkung_sukorambi@jemberkab.go.id','d19e0b5e2933194174ab49c2d3db94b2','klungkung_sukorambi',NULL,2,118,'N'),(122,'kemuningsarikidul_jenggawah','kemuningsarikidul_jenggawah@jemberkab.go.id','d19e0b5e2933194174ab49c2d3db94b2','kemuningsarikidul_jenggawah',NULL,2,119,'N'),(123,'wonojati_jenggawah','wonojati_jenggawah@jemberkab.go.id','d19e0b5e2933194174ab49c2d3db94b2','wonojati_jenggawah',NULL,2,120,'N'),(124,'jenggawah_jenggawah','jenggawah_jenggawah@jemberkab.go.id','d19e0b5e2933194174ab49c2d3db94b2','jenggawah_jenggawah',NULL,2,121,'N'),(125,'kertonegoro_jenggawah','kertonegoro_jenggawah@jemberkab.go.id','d19e0b5e2933194174ab49c2d3db94b2','kertonegoro_jenggawah',NULL,2,122,'N'),(126,'sruni_jenggawah','sruni_jenggawah@jemberkab.go.id','d19e0b5e2933194174ab49c2d3db94b2','sruni_jenggawah',NULL,2,123,'N'),(127,'jatisari_jenggawah','jatisari_jenggawah@jemberkab.go.id','d19e0b5e2933194174ab49c2d3db94b2','jatisari_jenggawah',NULL,2,124,'N'),(128,'jatimulyo_jenggawah','jatimulyo_jenggawah@jemberkab.go.id','d19e0b5e2933194174ab49c2d3db94b2','jatimulyo_jenggawah',NULL,2,125,'N'),(129,'cangkring_jenggawah','cangkring_jenggawah@jemberkab.go.id','d19e0b5e2933194174ab49c2d3db94b2','cangkring_jenggawah',NULL,2,126,'N'),(130,'sukamakmur_ajung','sukamakmur_ajung@jemberkab.go.id','d19e0b5e2933194174ab49c2d3db94b2','sukamakmur_ajung',NULL,2,127,'N'),(131,'mangaran_ajung','mangaran_ajung@jemberkab.go.id','d19e0b5e2933194174ab49c2d3db94b2','mangaran_ajung',NULL,2,128,'N'),(132,'pancakarya_ajung','pancakarya_ajung@jemberkab.go.id','d19e0b5e2933194174ab49c2d3db94b2','pancakarya_ajung',NULL,2,129,'N'),(133,'ajung_ajung','ajung_ajung@jemberkab.go.id','d19e0b5e2933194174ab49c2d3db94b2','ajung_ajung',NULL,2,130,'N'),(134,'klompangan_ajung','klompangan_ajung@jemberkab.go.id','d19e0b5e2933194174ab49c2d3db94b2','klompangan_ajung',NULL,2,131,'N'),(135,'wirowongso_ajung','wirowongso_ajung@jemberkab.go.id','d19e0b5e2933194174ab49c2d3db94b2','wirowongso_ajung',NULL,2,132,'N'),(136,'rowoindah_ajung','rowoindah_ajung@jemberkab.go.id','d19e0b5e2933194174ab49c2d3db94b2','rowoindah_ajung',NULL,2,133,'N'),(137,'sidodadi_tempurejo','sidodadi_tempurejo@jemberkab.go.id','d19e0b5e2933194174ab49c2d3db94b2','sidodadi_tempurejo',NULL,2,134,'N'),(138,'tempurejo_tempurejo','tempurejo_tempurejo@jemberkab.go.id','d19e0b5e2933194174ab49c2d3db94b2','tempurejo_tempurejo',NULL,2,135,'N'),(139,'andongrejo_tempurejo','andongrejo_tempurejo@jemberkab.go.id','d19e0b5e2933194174ab49c2d3db94b2','andongrejo_tempurejo',NULL,2,136,'N'),(140,'pondokrejo_tempurejo','pondokrejo_tempurejo@jemberkab.go.id','d19e0b5e2933194174ab49c2d3db94b2','pondokrejo_tempurejo',NULL,2,137,'N'),(141,'wonoasri_tempurejo','wonoasri_tempurejo@jemberkab.go.id','d19e0b5e2933194174ab49c2d3db94b2','wonoasri_tempurejo',NULL,2,138,'N'),(142,'curahnongko_tempurejo','curahnongko_tempurejo@jemberkab.go.id','d19e0b5e2933194174ab49c2d3db94b2','curahnongko_tempurejo',NULL,2,139,'N'),(143,'curahtakir_tempurejo','curahtakir_tempurejo@jemberkab.go.id','d19e0b5e2933194174ab49c2d3db94b2','curahtakir_tempurejo',NULL,2,140,'N'),(144,'sanenrejo_tempurejo','sanenrejo_tempurejo@jemberkab.go.id','d19e0b5e2933194174ab49c2d3db94b2','sanenrejo_tempurejo',NULL,2,141,'N'),(145,'mangli_kaliwates','mangli_kaliwates@jemberkab.go.id','d19e0b5e2933194174ab49c2d3db94b2','mangli_kaliwates',NULL,2,142,'N'),(146,'sempusari_kaliwates','sempusari_kaliwates@jemberkab.go.id','d19e0b5e2933194174ab49c2d3db94b2','sempusari_kaliwates',NULL,2,143,'N'),(147,'kebonagung_kaliwates','kebonagung_kaliwates@jemberkab.go.id','d19e0b5e2933194174ab49c2d3db94b2','kebonagung_kaliwates',NULL,2,144,'N'),(148,'kaliwates_kaliwates','kaliwates_kaliwates@jemberkab.go.id','d19e0b5e2933194174ab49c2d3db94b2','kaliwates_kaliwates',NULL,2,145,'N'),(149,'jemberkidul_kaliwates','jemberkidul_kaliwates@jemberkab.go.id','d19e0b5e2933194174ab49c2d3db94b2','jemberkidul_kaliwates',NULL,2,146,'N'),(150,'kepatihan_kaliwates','kepatihan_kaliwates@jemberkab.go.id','d19e0b5e2933194174ab49c2d3db94b2','kepatihan_kaliwates',NULL,2,147,'N'),(151,'tegalbesar_kaliwates','tegalbesar_kaliwates@jemberkab.go.id','d19e0b5e2933194174ab49c2d3db94b2','tegalbesar_kaliwates',NULL,2,148,'N'),(152,'banjarsengon_patrang','banjarsengon_patrang@jemberkab.go.id','d19e0b5e2933194174ab49c2d3db94b2','banjarsengon_patrang',NULL,2,149,'N'),(153,'jumerto_patrang','jumerto_patrang@jemberkab.go.id','d19e0b5e2933194174ab49c2d3db94b2','jumerto_patrang',NULL,2,150,'N'),(154,'gebang_patrang','gebang_patrang@jemberkab.go.id','d19e0b5e2933194174ab49c2d3db94b2','gebang_patrang',NULL,2,151,'N'),(155,'slawu_patrang','slawu_patrang@jemberkab.go.id','d19e0b5e2933194174ab49c2d3db94b2','slawu_patrang',NULL,2,152,'N'),(156,'bintoro_patrang','bintoro_patrang@jemberkab.go.id','d19e0b5e2933194174ab49c2d3db94b2','bintoro_patrang',NULL,2,153,'N'),(157,'jemberlor_patrang','jemberlor_patrang@jemberkab.go.id','d19e0b5e2933194174ab49c2d3db94b2','jemberlor_patrang',NULL,2,154,'N'),(158,'patrang_patrang','patrang_patrang@jemberkab.go.id','d19e0b5e2933194174ab49c2d3db94b2','patrang_patrang',NULL,2,155,'N'),(159,'baratan_patrang','baratan_patrang@jemberkab.go.id','d19e0b5e2933194174ab49c2d3db94b2','baratan_patrang',NULL,2,156,'N'),(160,'kebonsari_sumbersari','kebonsari_sumbersari@jemberkab.go.id','d19e0b5e2933194174ab49c2d3db94b2','kebonsari_sumbersari',NULL,2,157,'N'),(161,'sumbersari_sumbersari','sumbersari_sumbersari@jemberkab.go.id','d19e0b5e2933194174ab49c2d3db94b2','sumbersari_sumbersari',NULL,2,158,'N'),(162,'kranjingan_sumbersari','kranjingan_sumbersari@jemberkab.go.id','d19e0b5e2933194174ab49c2d3db94b2','kranjingan_sumbersari',NULL,2,159,'N'),(163,'karangrejo_sumbersari','karangrejo_sumbersari@jemberkab.go.id','d19e0b5e2933194174ab49c2d3db94b2','karangrejo_sumbersari',NULL,2,160,'N'),(164,'tegalgede_sumbersari','tegalgede_sumbersari@jemberkab.go.id','d19e0b5e2933194174ab49c2d3db94b2','tegalgede_sumbersari',NULL,2,161,'N'),(165,'wirolegi_sumbersari','wirolegi_sumbersari@jemberkab.go.id','d19e0b5e2933194174ab49c2d3db94b2','wirolegi_sumbersari',NULL,2,162,'N'),(166,'antirogo_sumbersari','antirogo_sumbersari@jemberkab.go.id','d19e0b5e2933194174ab49c2d3db94b2','antirogo_sumbersari',NULL,2,163,'N'),(167,'kemuninglor_arjasa','kemuninglor_arjasa@jemberkab.go.id','d19e0b5e2933194174ab49c2d3db94b2','kemuninglor_arjasa',NULL,2,164,'N'),(168,'darsono_arjasa','darsono_arjasa@jemberkab.go.id','d19e0b5e2933194174ab49c2d3db94b2','darsono_arjasa',NULL,2,165,'N'),(169,'arjasa_arjasa','arjasa_arjasa@jemberkab.go.id','d19e0b5e2933194174ab49c2d3db94b2','arjasa_arjasa',NULL,2,166,'N'),(170,'candijati_arjasa','candijati_arjasa@jemberkab.go.id','d19e0b5e2933194174ab49c2d3db94b2','candijati_arjasa',NULL,2,167,'N'),(171,'biting_arjasa','biting_arjasa@jemberkab.go.id','d19e0b5e2933194174ab49c2d3db94b2','biting_arjasa',NULL,2,168,'N'),(172,'kamal_arjasa','kamal_arjasa@jemberkab.go.id','d19e0b5e2933194174ab49c2d3db94b2','kamal_arjasa',NULL,2,169,'N'),(173,'lengkong_mumbulsari','lengkong_mumbulsari@jemberkab.go.id','d19e0b5e2933194174ab49c2d3db94b2','lengkong_mumbulsari',NULL,2,170,'N'),(174,'kawangrejo_mumbulsari','kawangrejo_mumbulsari@jemberkab.go.id','d19e0b5e2933194174ab49c2d3db94b2','kawangrejo_mumbulsari',NULL,2,171,'N'),(175,'tamansari_mumbulsari','tamansari_mumbulsari@jemberkab.go.id','d19e0b5e2933194174ab49c2d3db94b2','tamansari_mumbulsari',NULL,2,172,'N'),(176,'mumbulsari_mumbulsari','mumbulsari_mumbulsari@jemberkab.go.id','d19e0b5e2933194174ab49c2d3db94b2','mumbulsari_mumbulsari',NULL,2,173,'N'),(177,'suco_mumbulsari','suco_mumbulsari@jemberkab.go.id','d19e0b5e2933194174ab49c2d3db94b2','suco_mumbulsari',NULL,2,174,'N'),(178,'lampeji_mumbulsari','lampeji_mumbulsari@jemberkab.go.id','d19e0b5e2933194174ab49c2d3db94b2','lampeji_mumbulsari',NULL,2,175,'N'),(179,'karangkedawung_mumbulsari','karangkedawung_mumbulsari@jemberkab.go.id','d19e0b5e2933194174ab49c2d3db94b2','karangkedawung_mumbulsari',NULL,2,176,'N'),(180,'patemon_pakusari','patemon_pakusari@jemberkab.go.id','d19e0b5e2933194174ab49c2d3db94b2','patemon_pakusari',NULL,2,177,'N'),(181,'bedadung_pakusari','bedadung_pakusari@jemberkab.go.id','d19e0b5e2933194174ab49c2d3db94b2','bedadung_pakusari',NULL,2,178,'N'),(182,'sumberpinang_pakusari','sumberpinang_pakusari@jemberkab.go.id','d19e0b5e2933194174ab49c2d3db94b2','sumberpinang_pakusari',NULL,2,179,'N'),(183,'subo_pakusari','subo_pakusari@jemberkab.go.id','d19e0b5e2933194174ab49c2d3db94b2','subo_pakusari',NULL,2,180,'N'),(184,'kertosari_pakusari','kertosari_pakusari@jemberkab.go.id','d19e0b5e2933194174ab49c2d3db94b2','kertosari_pakusari',NULL,2,181,'N'),(185,'jatian_pakusari','jatian_pakusari@jemberkab.go.id','d19e0b5e2933194174ab49c2d3db94b2','jatian_pakusari',NULL,2,182,'N'),(186,'pakusari_pakusari','pakusari_pakusari@jemberkab.go.id','d19e0b5e2933194174ab49c2d3db94b2','pakusari_pakusari',NULL,2,183,'N'),(187,'sucopangepok_jelbuk','sucopangepok_jelbuk@jemberkab.go.id','d19e0b5e2933194174ab49c2d3db94b2','sucopangepok_jelbuk',NULL,2,184,'N'),(188,'panduman_jelbuk','panduman_jelbuk@jemberkab.go.id','d19e0b5e2933194174ab49c2d3db94b2','panduman_jelbuk',NULL,2,185,'N'),(189,'sukojember_jelbuk','sukojember_jelbuk@jemberkab.go.id','d19e0b5e2933194174ab49c2d3db94b2','sukojember_jelbuk',NULL,2,186,'N'),(190,'jelbuk_jelbuk','jelbuk_jelbuk@jemberkab.go.id','d19e0b5e2933194174ab49c2d3db94b2','jelbuk_jelbuk',NULL,2,187,'N'),(191,'sukowiryo_jelbuk','sukowiryo_jelbuk@jemberkab.go.id','d19e0b5e2933194174ab49c2d3db94b2','sukowiryo_jelbuk',NULL,2,188,'N'),(192,'sugerkidul_jelbuk','sugerkidul_jelbuk@jemberkab.go.id','d19e0b5e2933194174ab49c2d3db94b2','sugerkidul_jelbuk',NULL,2,189,'N'),(193,'mrawan_mayang','mrawan_mayang@jemberkab.go.id','d19e0b5e2933194174ab49c2d3db94b2','mrawan_mayang',NULL,2,190,'N'),(194,'mayang_mayang','mayang_mayang@jemberkab.go.id','d19e0b5e2933194174ab49c2d3db94b2','mayang_mayang',NULL,2,191,'N'),(195,'seputih_mayang','seputih_mayang@jemberkab.go.id','d19e0b5e2933194174ab49c2d3db94b2','seputih_mayang',NULL,2,192,'N'),(196,'tegalwaru_mayang','tegalwaru_mayang@jemberkab.go.id','d19e0b5e2933194174ab49c2d3db94b2','tegalwaru_mayang',NULL,2,193,'N'),(197,'tegalrejo_mayang','tegalrejo_mayang@jemberkab.go.id','d19e0b5e2933194174ab49c2d3db94b2','tegalrejo_mayang',NULL,2,194,'N'),(198,'sumberkejayan_mayang','sumberkejayan_mayang@jemberkab.go.id','d19e0b5e2933194174ab49c2d3db94b2','sumberkejayan_mayang',NULL,2,195,'N'),(199,'sidomukti_mayang','sidomukti_mayang@jemberkab.go.id','d19e0b5e2933194174ab49c2d3db94b2','sidomukti_mayang',NULL,2,196,'N'),(200,'gumuksari_kalisat','gumuksari_kalisat@jemberkab.go.id','d19e0b5e2933194174ab49c2d3db94b2','gumuksari_kalisat',NULL,2,197,'N'),(201,'sukoreno_kalisat','sukoreno_kalisat@jemberkab.go.id','d19e0b5e2933194174ab49c2d3db94b2','sukoreno_kalisat',NULL,2,198,'N'),(202,'patempuran_kalisat','patempuran_kalisat@jemberkab.go.id','d19e0b5e2933194174ab49c2d3db94b2','patempuran_kalisat',NULL,2,199,'N'),(203,'sumberkalong_kalisat','sumberkalong_kalisat@jemberkab.go.id','d19e0b5e2933194174ab49c2d3db94b2','sumberkalong_kalisat',NULL,2,200,'N'),(204,'sumberjeruk_kalisat','sumberjeruk_kalisat@jemberkab.go.id','d19e0b5e2933194174ab49c2d3db94b2','sumberjeruk_kalisat',NULL,2,201,'N'),(205,'glagahwero_kalisat','glagahwero_kalisat@jemberkab.go.id','d19e0b5e2933194174ab49c2d3db94b2','glagahwero_kalisat',NULL,2,202,'N'),(206,'kalisat_kalisat','kalisat_kalisat@jemberkab.go.id','d19e0b5e2933194174ab49c2d3db94b2','kalisat_kalisat',NULL,2,203,'N'),(207,'ajung_kalisat','ajung_kalisat@jemberkab.go.id','d19e0b5e2933194174ab49c2d3db94b2','ajung_kalisat',NULL,2,204,'N'),(208,'plalangan_kalisat','plalangan_kalisat@jemberkab.go.id','d19e0b5e2933194174ab49c2d3db94b2','plalangan_kalisat',NULL,2,205,'N'),(209,'gambiran_kalisat','gambiran_kalisat@jemberkab.go.id','d19e0b5e2933194174ab49c2d3db94b2','gambiran_kalisat',NULL,2,206,'N'),(210,'sumberketempa_kalisat','sumberketempa_kalisat@jemberkab.go.id','d19e0b5e2933194174ab49c2d3db94b2','sumberketempa_kalisat',NULL,2,207,'N'),(211,'sebanen_kalisat','sebanen_kalisat@jemberkab.go.id','d19e0b5e2933194174ab49c2d3db94b2','sebanen_kalisat',NULL,2,208,'N'),(212,'lembengan_ledokombo','lembengan_ledokombo@jemberkab.go.id','d19e0b5e2933194174ab49c2d3db94b2','lembengan_ledokombo',NULL,2,209,'N'),(213,'suren_ledokombo','suren_ledokombo@jemberkab.go.id','d19e0b5e2933194174ab49c2d3db94b2','suren_ledokombo',NULL,2,210,'N'),(214,'karangpaiton_ledokombo','karangpaiton_ledokombo@jemberkab.go.id','d19e0b5e2933194174ab49c2d3db94b2','karangpaiton_ledokombo',NULL,2,211,'N'),(215,'sumberanget_ledokombo','sumberanget_ledokombo@jemberkab.go.id','d19e0b5e2933194174ab49c2d3db94b2','sumberanget_ledokombo',NULL,2,212,'N'),(216,'sukogidri_ledokombo','sukogidri_ledokombo@jemberkab.go.id','d19e0b5e2933194174ab49c2d3db94b2','sukogidri_ledokombo',NULL,2,213,'N'),(217,'ledokombo_ledokombo','ledokombo_ledokombo@jemberkab.go.id','d19e0b5e2933194174ab49c2d3db94b2','ledokombo_ledokombo',NULL,2,214,'N'),(218,'sumberlesung_ledokombo','sumberlesung_ledokombo@jemberkab.go.id','d19e0b5e2933194174ab49c2d3db94b2','sumberlesung_ledokombo',NULL,2,215,'N'),(219,'sumbersalak_ledokombo','sumbersalak_ledokombo@jemberkab.go.id','d19e0b5e2933194174ab49c2d3db94b2','sumbersalak_ledokombo',NULL,2,216,'N'),(220,'slateng_ledokombo','slateng_ledokombo@jemberkab.go.id','d19e0b5e2933194174ab49c2d3db94b2','slateng_ledokombo',NULL,2,217,'N'),(221,'sumberbulus_ledokombo','sumberbulus_ledokombo@jemberkab.go.id','d19e0b5e2933194174ab49c2d3db94b2','sumberbulus_ledokombo',NULL,2,218,'N'),(222,'sumberwringin_sukowono','sumberwringin_sukowono@jemberkab.go.id','d19e0b5e2933194174ab49c2d3db94b2','sumberwringin_sukowono',NULL,2,219,'N'),(223,'sukokerto_sukowono','sukokerto_sukowono@jemberkab.go.id','d19e0b5e2933194174ab49c2d3db94b2','sukokerto_sukowono',NULL,2,220,'N'),(224,'sumberwaru_sukowono','sumberwaru_sukowono@jemberkab.go.id','d19e0b5e2933194174ab49c2d3db94b2','sumberwaru_sukowono',NULL,2,221,'N'),(225,'sukowono_sukowono','sukowono_sukowono@jemberkab.go.id','d19e0b5e2933194174ab49c2d3db94b2','sukowono_sukowono',NULL,2,222,'N'),(226,'baletbaru_sukowono','baletbaru_sukowono@jemberkab.go.id','d19e0b5e2933194174ab49c2d3db94b2','baletbaru_sukowono',NULL,2,223,'N'),(227,'sukorejo_sukowono','sukorejo_sukowono@jemberkab.go.id','d19e0b5e2933194174ab49c2d3db94b2','sukorejo_sukowono',NULL,2,224,'N'),(228,'sukosari_sukowono','sukosari_sukowono@jemberkab.go.id','d19e0b5e2933194174ab49c2d3db94b2','sukosari_sukowono',NULL,2,225,'N'),(229,'arjasa_sukowono','arjasa_sukowono@jemberkab.go.id','d19e0b5e2933194174ab49c2d3db94b2','arjasa_sukowono',NULL,2,226,'N'),(230,'sumberdanti_sukowono','sumberdanti_sukowono@jemberkab.go.id','d19e0b5e2933194174ab49c2d3db94b2','sumberdanti_sukowono',NULL,2,227,'N'),(231,'pocangan_sukowono','pocangan_sukowono@jemberkab.go.id','d19e0b5e2933194174ab49c2d3db94b2','pocangan_sukowono',NULL,2,228,'N'),(232,'dawuhanmangli_sukowono','dawuhanmangli_sukowono@jemberkab.go.id','d19e0b5e2933194174ab49c2d3db94b2','dawuhanmangli_sukowono',NULL,2,229,'N'),(233,'mojogemi_sukowono','mojogemi_sukowono@jemberkab.go.id','d19e0b5e2933194174ab49c2d3db94b2','mojogemi_sukowono',NULL,2,230,'N'),(234,'sempolan_silo','sempolan_silo@jemberkab.go.id','d19e0b5e2933194174ab49c2d3db94b2','sempolan_silo',NULL,2,231,'N'),(235,'harjomulyo_silo','harjomulyo_silo@jemberkab.go.id','d19e0b5e2933194174ab49c2d3db94b2','harjomulyo_silo',NULL,2,232,'N'),(236,'karangharjo_silo','karangharjo_silo@jemberkab.go.id','d19e0b5e2933194174ab49c2d3db94b2','karangharjo_silo',NULL,2,233,'N'),(237,'silo_silo','silo_silo@jemberkab.go.id','d19e0b5e2933194174ab49c2d3db94b2','silo_silo',NULL,2,234,'N'),(238,'pace_silo','pace_silo@jemberkab.go.id','d19e0b5e2933194174ab49c2d3db94b2','pace_silo',NULL,2,235,'N'),(239,'mulyorejo_silo','mulyorejo_silo@jemberkab.go.id','d19e0b5e2933194174ab49c2d3db94b2','mulyorejo_silo',NULL,2,236,'N'),(240,'sumberjati_silo','sumberjati_silo@jemberkab.go.id','d19e0b5e2933194174ab49c2d3db94b2','sumberjati_silo',NULL,2,237,'N'),(241,'garahan_silo','garahan_silo@jemberkab.go.id','d19e0b5e2933194174ab49c2d3db94b2','garahan_silo',NULL,2,238,'N'),(242,'sidomulyo_silo','sidomulyo_silo@jemberkab.go.id','d19e0b5e2933194174ab49c2d3db94b2','sidomulyo_silo',NULL,2,239,'N'),(243,'plerean_sumberjambe','plerean_sumberjambe@jemberkab.go.id','d19e0b5e2933194174ab49c2d3db94b2','plerean_sumberjambe',NULL,2,240,'N'),(244,'sumberpakem_sumberjambe','sumberpakem_sumberjambe@jemberkab.go.id','d19e0b5e2933194174ab49c2d3db94b2','sumberpakem_sumberjambe',NULL,2,241,'N'),(245,'pringgondani_sumberjambe','pringgondani_sumberjambe@jemberkab.go.id','d19e0b5e2933194174ab49c2d3db94b2','pringgondani_sumberjambe',NULL,2,242,'N'),(246,'randuagung_sumberjambe','randuagung_sumberjambe@jemberkab.go.id','d19e0b5e2933194174ab49c2d3db94b2','randuagung_sumberjambe',NULL,2,243,'N'),(247,'cumedak_sumberjambe','cumedak_sumberjambe@jemberkab.go.id','d19e0b5e2933194174ab49c2d3db94b2','cumedak_sumberjambe',NULL,2,244,'N'),(248,'sumberjambe_sumberjambe','sumberjambe_sumberjambe@jemberkab.go.id','d19e0b5e2933194174ab49c2d3db94b2','sumberjambe_sumberjambe',NULL,2,245,'N'),(249,'gunungmalang_sumberjambe','gunungmalang_sumberjambe@jemberkab.go.id','d19e0b5e2933194174ab49c2d3db94b2','gunungmalang_sumberjambe',NULL,2,246,'N'),(250,'jambearum_sumberjambe','jambearum_sumberjambe@jemberkab.go.id','d19e0b5e2933194174ab49c2d3db94b2','jambearum_sumberjambe',NULL,2,247,'N'),(251,'rowosari_sumberjambe','rowosari_sumberjambe@jemberkab.go.id','d19e0b5e2933194174ab49c2d3db94b2','rowosari_sumberjambe',NULL,2,248,'N');
/*!40000 ALTER TABLE `_user` ENABLE KEYS */;
UNLOCK TABLES;

--
-- Table structure for table `desa`
--

DROP TABLE IF EXISTS `desa`;
/*!40101 SET @saved_cs_client     = @@character_set_client */;
/*!40101 SET character_set_client = utf8 */;
CREATE TABLE `desa` (
  `id_desa` int(11) NOT NULL AUTO_INCREMENT,
  `id_kecamatan` varchar(50) DEFAULT NULL,
  `foto_desa` varchar(200) DEFAULT NULL,
  `nama_desa` varchar(50) DEFAULT NULL,
  `url_website` varchar(200) DEFAULT NULL,
  `keterangan` text DEFAULT NULL,
  PRIMARY KEY (`id_desa`)
) ENGINE=InnoDB AUTO_INCREMENT=249 DEFAULT CHARSET=utf8mb4;
/*!40101 SET character_set_client = @saved_cs_client */;

--
-- Dumping data for table `desa`
--

LOCK TABLES `desa` WRITE;
/*!40000 ALTER TABLE `desa` DISABLE KEYS */;
INSERT INTO `desa` VALUES (1,'35.9.01','aef41-padomasan.jpg','Padomasan','https://id.wikipedia.org/wiki/Padomasan,_Jombang,_Jember',''),(2,'35.9.01','','Keting',NULL,NULL),(3,'35.9.01','','Jombang',NULL,NULL),(4,'35.9.01','','Ngampelrejo',NULL,NULL),(5,'35.9.01','','Wringin Agung',NULL,NULL),(6,'35.9.01','','Sarimulyo',NULL,NULL),(7,'35.9.02','','Cakru',NULL,NULL),(8,'35.9.02','','Paseban',NULL,NULL),(9,'35.9.02','','Kraton',NULL,NULL),(10,'35.9.02','','Kencong',NULL,NULL),(11,'35.9.02','','Wonorejo',NULL,NULL),(12,'35.9.03','','Jamintoro',NULL,NULL),(13,'35.9.03','','Jatiroto',NULL,NULL),(14,'35.9.03','','Kaliglagah',NULL,NULL),(15,'35.9.03','','Jambesari',NULL,NULL),(16,'35.9.03','','Yosorati',NULL,NULL),(17,'35.9.03','','Sumber Agung',NULL,NULL),(18,'35.9.03','','Gelang',NULL,NULL),(19,'35.9.03','','Rowo Tengah',NULL,NULL),(20,'35.9.03','','Pringgowirawan',NULL,NULL),(21,'35.9.03','','Karang Bayat',NULL,NULL),(22,'35.9.04','','Kepanjen',NULL,NULL),(23,'35.9.04','','Mayangan',NULL,NULL),(24,'35.9.04','','Gumukmas',NULL,NULL),(25,'35.9.04','','Menampu',NULL,NULL),(26,'35.9.04','','Tembokrejo',NULL,NULL),(27,'35.9.04','','Purwoasri',NULL,NULL),(28,'35.9.04','','Bagorejo',NULL,NULL),(29,'35.9.04','','Karangrejo',NULL,NULL),(30,'35.9.05','','Sukoreno',NULL,NULL),(31,'35.9.05','','Sidorejo',NULL,NULL),(32,'35.9.05','','Gunungsari',NULL,NULL),(33,'35.9.05','','Gadingrejo',NULL,NULL),(34,'35.9.05','','Umbulrejo',NULL,NULL),(35,'35.9.05','','Umbulsari',NULL,NULL),(36,'35.9.05','','Tanjungsari',NULL,NULL),(37,'35.9.05','','Tegal Wangi',NULL,NULL),(38,'35.9.05','','Paleran',NULL,NULL),(39,'35.9.05','','Mundurejo',NULL,NULL),(40,'35.9.06','','Tanggul Kulon',NULL,NULL),(41,'35.9.06','','Tanggul Wetan',NULL,NULL),(42,'35.9.06','','Patemon',NULL,NULL),(43,'35.9.06','','Darungan',NULL,NULL),(44,'35.9.06','','Manggisan',NULL,NULL),(45,'35.9.06','','Selodakon',NULL,NULL),(46,'35.9.06','','Kramat Sukoharjo',NULL,NULL),(47,'35.9.06','','Klatakan',NULL,NULL),(48,'35.9.07','','Pondok Joyo',NULL,NULL),(49,'35.9.07','','Pondok Dalem',NULL,NULL),(50,'35.9.07','','Rejo Agung',NULL,NULL),(51,'35.9.07','','Semboro',NULL,NULL),(52,'35.9.07','','Sidomekar',NULL,NULL),(53,'35.9.07','','Sidomulyo',NULL,NULL),(54,'35.9.08','','Mlokorejo',NULL,NULL),(55,'35.9.08','','Mojomulyo',NULL,NULL),(56,'35.9.08','','Mojosari',NULL,NULL),(57,'35.9.08','','Puger Kulon',NULL,NULL),(58,'35.9.08','','Wringintelu',NULL,NULL),(59,'35.9.08','','Kasiyan',NULL,NULL),(60,'35.9.08','','Bagon',NULL,NULL),(61,'35.9.08','','Kasiyan Timur',NULL,NULL),(62,'35.9.08','','Wonosari',NULL,NULL),(63,'35.9.08','','Jambearum',NULL,NULL),(64,'35.9.08','','Grenden',NULL,NULL),(65,'35.9.08','','Puger Wetan',NULL,NULL),(66,'35.9.09','','Curah Kalong',NULL,NULL),(67,'35.9.09','','Gambirono',NULL,NULL),(68,'35.9.09','','Bangsalsari',NULL,NULL),(69,'35.9.09','','Tugusari',NULL,NULL),(70,'35.9.09','','Karangsono',NULL,NULL),(71,'35.9.09','','Sukorejo',NULL,NULL),(72,'35.9.09','','Langkap',NULL,NULL),(73,'35.9.09','','Tisnogambar',NULL,NULL),(74,'35.9.09','','Petung',NULL,NULL),(75,'35.9.09','','Banjarsari',NULL,NULL),(76,'35.9.09','','Badean',NULL,NULL),(77,'35.9.10','','Karang Duren',NULL,NULL),(78,'35.9.10','','Karang Semanding',NULL,NULL),(79,'35.9.10','','Tutul',NULL,NULL),(80,'35.9.10','','Balung Kulon',NULL,NULL),(81,'35.9.10','','Balung Lor',NULL,NULL),(82,'35.9.10','','Balung Kidul',NULL,NULL),(83,'35.9.10','','Curahlele',NULL,NULL),(84,'35.9.10','','Gumelar',NULL,NULL),(85,'35.9.11','','Lojejer',NULL,NULL),(86,'35.9.11','','Ampel',NULL,NULL),(87,'35.9.11','','Tamansari',NULL,NULL),(88,'35.9.11','','Dukuh Dempok',NULL,NULL),(89,'35.9.11','','Glundengan',NULL,NULL),(90,'35.9.11','','Tanjung Rejo',NULL,NULL),(91,'35.9.11','','Kesilir',NULL,NULL),(92,'35.9.12','','Tegalsari',NULL,NULL),(93,'35.9.12','','Sabrang',NULL,NULL),(94,'35.9.12','','Sumberrejo',NULL,NULL),(95,'35.9.12','','Ambulu',NULL,NULL),(96,'35.9.12','','Karang Anyar',NULL,NULL),(97,'35.9.12','','Andongsari',NULL,NULL),(98,'35.9.12','','Pontang',NULL,NULL),(99,'35.9.13','','Nogosari',NULL,NULL),(100,'35.9.13','','Curahmalang',NULL,NULL),(101,'35.9.13','','Rowotamtu',NULL,NULL),(102,'35.9.13','','Kaliwining',NULL,NULL),(103,'35.9.13','','Pecoro',NULL,NULL),(104,'35.9.13','','Rambipuji',NULL,NULL),(105,'35.9.13','','Gugut',NULL,NULL),(106,'35.9.13','','Rambigundam',NULL,NULL),(107,'35.9.14','','Pakis',NULL,NULL),(108,'35.9.14','','Kemuningsari Lor',NULL,NULL),(109,'35.9.14','','Panti',NULL,NULL),(110,'35.9.14','','Glagahwero',NULL,NULL),(111,'35.9.14','','Suci',NULL,NULL),(112,'35.9.14','','Kemiri',NULL,NULL),(113,'35.9.14','','Serut',NULL,NULL),(114,'35.9.15','','Jubung',NULL,NULL),(115,'35.9.15','','Dukuh Mencek',NULL,NULL),(116,'35.9.15','','Sukorambi',NULL,NULL),(117,'35.9.15','','Karangpring',NULL,NULL),(118,'35.9.15','','Klungkung',NULL,NULL),(119,'35.9.16','','Kemuning Sari Kidul',NULL,NULL),(120,'35.9.16','','Wonojati',NULL,NULL),(121,'35.9.16','','Jenggawah',NULL,NULL),(122,'35.9.16','','Kertonegoro',NULL,NULL),(123,'35.9.16','','Sruni',NULL,NULL),(124,'35.9.16','','Jatisari',NULL,NULL),(125,'35.9.16','','Jatimulyo',NULL,NULL),(126,'35.9.16','','Cangkring',NULL,NULL),(127,'35.9.17','','Sukamakmur',NULL,NULL),(128,'35.9.17','','Mangaran',NULL,NULL),(129,'35.9.17','','Pancakarya',NULL,NULL),(130,'35.9.17','','Ajung',NULL,NULL),(131,'35.9.17','','Klompangan',NULL,NULL),(132,'35.9.17','','Wirowongso',NULL,NULL),(133,'35.9.17','','Rowo Indah',NULL,NULL),(134,'35.9.18','','Sidodadi',NULL,NULL),(135,'35.9.18','','Tempurejo',NULL,NULL),(136,'35.9.18','','Andongrejo',NULL,NULL),(137,'35.9.18','','Pondokrejo',NULL,NULL),(138,'35.9.18','','Wonoasri',NULL,NULL),(139,'35.9.18','','Curahnongko',NULL,NULL),(140,'35.9.18','','Curahtakir',NULL,NULL),(141,'35.9.18','','Sanenrejo',NULL,NULL),(142,'35.9.19','','Mangli',NULL,NULL),(143,'35.9.19','','Sempusari',NULL,NULL),(144,'35.9.19','','Kebon Agung',NULL,NULL),(145,'35.9.19','','Kaliwates',NULL,NULL),(146,'35.9.19','','Jember Kidul',NULL,NULL),(147,'35.9.19','','Kepatihan',NULL,NULL),(148,'35.9.19','','Tegal Besar',NULL,NULL),(149,'35.9.20','','Banjar Sengon',NULL,NULL),(150,'35.9.20','','Jumerto',NULL,NULL),(151,'35.9.20','','Gebang',NULL,NULL),(152,'35.9.20','','Slawu',NULL,NULL),(153,'35.9.20','','Bintoro',NULL,NULL),(154,'35.9.20','','Jember Lor',NULL,NULL),(155,'35.9.20','','Patrang',NULL,NULL),(156,'35.9.20','','Baratan',NULL,NULL),(157,'35.9.21','','Kebonsari',NULL,NULL),(158,'35.9.21','','Sumbersari',NULL,NULL),(159,'35.9.21','','Kranjingan',NULL,NULL),(160,'35.9.21','','Karangrejo',NULL,NULL),(161,'35.9.21','','Tegal Gede',NULL,NULL),(162,'35.9.21','','Wirolegi',NULL,NULL),(163,'35.9.21','','Antirogo',NULL,NULL),(164,'35.9.22','','Kemuning Lor',NULL,NULL),(165,'35.9.22','','Darsono',NULL,NULL),(166,'35.9.22','','Arjasa',NULL,NULL),(167,'35.9.22','','Candijati',NULL,NULL),(168,'35.9.22','','Biting',NULL,NULL),(169,'35.9.22','','Kamal',NULL,NULL),(170,'35.9.23','','Lengkong',NULL,NULL),(171,'35.9.23','','Kawangrejo',NULL,NULL),(172,'35.9.23','','Tamansari',NULL,NULL),(173,'35.9.23','','Mumbulsari',NULL,NULL),(174,'35.9.23','','Suco',NULL,NULL),(175,'35.9.23','','Lampeji',NULL,NULL),(176,'35.9.23','','Karangkedawung',NULL,NULL),(177,'35.9.24','','Patemon',NULL,NULL),(178,'35.9.24','','Bedadung',NULL,NULL),(179,'35.9.24','','Sumber Pinang',NULL,NULL),(180,'35.9.24','','Subo',NULL,NULL),(181,'35.9.24','','Kertosari',NULL,NULL),(182,'35.9.24','','Jatian',NULL,NULL),(183,'35.9.24','','Pakusari',NULL,NULL),(184,'35.9.25','','Suco Pangepok',NULL,NULL),(185,'35.9.25','','Panduman',NULL,NULL),(186,'35.9.25','','Suko Jember',NULL,NULL),(187,'35.9.25','','Jelbuk',NULL,NULL),(188,'35.9.25','','Sukowiryo',NULL,NULL),(189,'35.9.25','','Suger Kidul',NULL,NULL),(190,'35.9.26','','Mrawan',NULL,NULL),(191,'35.9.26','','Mayang',NULL,NULL),(192,'35.9.26','','Seputih',NULL,NULL),(193,'35.9.26','','Tegal Waru',NULL,NULL),(194,'35.9.26','','Tegalrejo',NULL,NULL),(195,'35.9.26','','Sumber Kejayan',NULL,NULL),(196,'35.9.26','','Sidomukti',NULL,NULL),(197,'35.9.27','','Gumuksari',NULL,NULL),(198,'35.9.27','','Sukoreno',NULL,NULL),(199,'35.9.27','','Patempuran',NULL,NULL),(200,'35.9.27','','Sumber Kalong',NULL,NULL),(201,'35.9.27','','Sumber Jeruk',NULL,NULL),(202,'35.9.27','','Glagahwero',NULL,NULL),(203,'35.9.27','','Kalisat',NULL,NULL),(204,'35.9.27','','Ajung',NULL,NULL),(205,'35.9.27','','Plalangan',NULL,NULL),(206,'35.9.27','','Gambiran',NULL,NULL),(207,'35.9.27','','Sumber Ketempa',NULL,NULL),(208,'35.9.27','','Sebanen',NULL,NULL),(209,'35.9.28','','Lembengan',NULL,NULL),(210,'35.9.28','','Suren',NULL,NULL),(211,'35.9.28','','Karang Paiton',NULL,NULL),(212,'35.9.28','','Sumber Anget',NULL,NULL),(213,'35.9.28','','Sukogidri',NULL,NULL),(214,'35.9.28','','Ledokombo',NULL,NULL),(215,'35.9.28','','Sumber Lesung',NULL,NULL),(216,'35.9.28','','Sumber Salak',NULL,NULL),(217,'35.9.28','','Slateng',NULL,NULL),(218,'35.9.28','','Sumber Bulus',NULL,NULL),(219,'35.9.29','','Sumber Wringin',NULL,NULL),(220,'35.9.29','','Sukokerto',NULL,NULL),(221,'35.9.29','','Sumberwaru',NULL,NULL),(222,'35.9.29','','Sukowono',NULL,NULL),(223,'35.9.29','','Balet Baru',NULL,NULL),(224,'35.9.29','','Sukorejo',NULL,NULL),(225,'35.9.29','','Sukosari',NULL,NULL),(226,'35.9.29','','Arjasa',NULL,NULL),(227,'35.9.29','','Sumberdanti',NULL,NULL),(228,'35.9.29','','Pocangan',NULL,NULL),(229,'35.9.29','','Dawuhan Mangli',NULL,NULL),(230,'35.9.29','','Mojogemi',NULL,NULL),(231,'35.9.30','','Sempolan',NULL,NULL),(232,'35.9.30','','Harjomulyo',NULL,NULL),(233,'35.9.30','','Karangharjo',NULL,NULL),(234,'35.9.30','','Silo',NULL,NULL),(235,'35.9.30','','Pace',NULL,NULL),(236,'35.9.30','','Mulyorejo',NULL,NULL),(237,'35.9.30','','Sumberjati',NULL,NULL),(238,'35.9.30','','Garahan',NULL,NULL),(239,'35.9.30','','Sidomulyo',NULL,NULL),(240,'35.9.31','','Plerean',NULL,NULL),(241,'35.9.31','','Sumber Pakem',NULL,NULL),(242,'35.9.31','','Pringgondani',NULL,NULL),(243,'35.9.31','','Randu Agung',NULL,NULL),(244,'35.9.31','','Cumedak',NULL,NULL),(245,'35.9.31','','Sumberjambe',NULL,NULL),(246,'35.9.31','','Gunung Malang',NULL,NULL),(247,'35.9.31','','Jambe Arum',NULL,NULL),(248,'35.9.31','','Rowosari',NULL,NULL);
/*!40000 ALTER TABLE `desa` ENABLE KEYS */;
UNLOCK TABLES;

--
-- Table structure for table `desa_batik`
--

DROP TABLE IF EXISTS `desa_batik`;
/*!40101 SET @saved_cs_client     = @@character_set_client */;
/*!40101 SET character_set_client = utf8 */;
CREATE TABLE `desa_batik` (
  `id_batik` int(11) NOT NULL AUTO_INCREMENT,
  `id_desa` int(11) DEFAULT NULL,
  `no_urut` int(11) DEFAULT NULL,
  `nama_batik` varchar(50) DEFAULT NULL,
  `foto1` varchar(200) DEFAULT NULL,
  `foto2` varchar(200) DEFAULT NULL,
  `foto3` varchar(200) DEFAULT NULL,
  `content` longtext DEFAULT NULL,
  PRIMARY KEY (`id_batik`)
) ENGINE=InnoDB AUTO_INCREMENT=3 DEFAULT CHARSET=utf8mb4;
/*!40101 SET character_set_client = @saved_cs_client */;

--
-- Dumping data for table `desa_batik`
--

LOCK TABLES `desa_batik` WRITE;
/*!40000 ALTER TABLE `desa_batik` DISABLE KEYS */;
INSERT INTO `desa_batik` VALUES (1,1,1000,'batik padomasan jombang','1136d-chrysanthemum.jpg','1089a-hydrangeas.jpg','2cede-jellyfish.jpg','<p>\n	<span style=\"color: rgb(0, 0, 0); font-family: Arial, Helvetica, Tahoma, Verdana, sans-serif;\">Lorem ipsum dolor sit amet, consectetuer adipiscing elit. Maecenas feugiat consequat diam. Maecenas metus. Vivamus diam purus, cursus a, commodo non, facilisis vitae, nulla. Aenean dictum lacinia tortor. Nunc iaculis, nibh non iaculis aliquam, orci felis euismod neque, sed ornare massa mauris sed velit. Nulla pretium mi et risus. Fusce mi pede, tempor id, cursus ac, ullamcorper nec, enim. Sed tortor. Curabitur molestie. Duis velit augue, condimentum at, ultrices a, luctus ut, orci. Donec pellentesque egestas eros. Integer cursus, augue in cursus faucibus, eros pede bibendum sem, in tempus tellus justo quis ligula. Etiam eget tortor. Vestibulum rutrum, est ut placerat elementum, lectus nisl aliquam velit, tempor aliquam eros nunc nonummy metus. In eros metus, gravida a, gravida sed, lobortis id, turpis. Ut ultrices, ipsum at venenatis fringilla, sem nulla lacinia tellus, eget aliquet turpis mauris non enim. Nam turpis. Suspendisse lacinia. Curabitur ac tortor ut ipsum egestas elementum. Nunc imperdiet gravida mauris.</span></p>\n'),(2,1,1000,'batik padomasan 2','ee506-img_20210605_101640.jpg','4337b-img_20210605_102000.jpg','3b724-img_20210605_102004.jpg','<p>\n	<span style=\"color: rgb(0, 0, 0); font-family: Arial, Helvetica, Tahoma, Verdana, sans-serif;\">Lorem ipsum dolor sit amet, consectetuer adipiscing elit. Maecenas feugiat consequat diam. Maecenas metus. Vivamus diam purus, cursus a, commodo non, facilisis vitae, nulla. Aenean dictum lacinia tortor. Nunc iaculis, nibh non iaculis aliquam, orci felis euismod neque, sed ornare massa mauris sed velit. Nulla pretium mi et risus. Fusce mi pede, tempor id, cursus ac, ullamcorper nec, enim. Sed tortor. Curabitur molestie. Duis velit augue, condimentum at, ultrices a, luctus ut, orci. Donec pellentesque egestas eros. Integer cursus, augue in cursus faucibus, eros pede bibendum sem, in tempus tellus justo quis ligula. Etiam eget tortor. Vestibulum rutrum, est ut placerat elementum, lectus nisl aliquam velit, tempor aliquam eros nunc nonummy metus. In eros metus, gravida a, gravida sed, lobortis id, turpis. Ut ultrices, ipsum at venenatis fringilla, sem nulla lacinia tellus, eget aliquet turpis mauris non enim. Nam turpis. Suspendisse lacinia. Curabitur ac tortor ut ipsum egestas elementum. Nunc imperdiet gravida mauris.</span></p>\n');
/*!40000 ALTER TABLE `desa_batik` ENABLE KEYS */;
UNLOCK TABLES;

--
-- Temporary table structure for view `desa_kecamatan`
--

DROP TABLE IF EXISTS `desa_kecamatan`;
/*!50001 DROP VIEW IF EXISTS `desa_kecamatan`*/;
SET @saved_cs_client     = @@character_set_client;
SET character_set_client = utf8;
/*!50001 CREATE TABLE `desa_kecamatan` (
  `id_desa` tinyint NOT NULL,
  `nama_desa` tinyint NOT NULL,
  `id_kecamatan` tinyint NOT NULL,
  `nama_kecamatan` tinyint NOT NULL
) ENGINE=MyISAM */;
SET character_set_client = @saved_cs_client;

--
-- Table structure for table `desa_lagu`
--

DROP TABLE IF EXISTS `desa_lagu`;
/*!40101 SET @saved_cs_client     = @@character_set_client */;
/*!40101 SET character_set_client = utf8 */;
CREATE TABLE `desa_lagu` (
  `id_lagu` int(11) NOT NULL AUTO_INCREMENT,
  `no_urut` int(11) NOT NULL DEFAULT 1000,
  `id_desa` int(11) DEFAULT NULL,
  `foto` varchar(200) DEFAULT NULL,
  `nama_lagu` varchar(200) DEFAULT NULL,
  `lagu` varchar(200) DEFAULT NULL,
  `link_youtube` text DEFAULT NULL,
  `content` longtext DEFAULT NULL,
  `kali_diputar` int(11) NOT NULL DEFAULT 0,
  PRIMARY KEY (`id_lagu`)
) ENGINE=InnoDB AUTO_INCREMENT=17 DEFAULT CHARSET=utf8mb4;
/*!40101 SET character_set_client = @saved_cs_client */;

--
-- Dumping data for table `desa_lagu`
--

LOCK TABLES `desa_lagu` WRITE;
/*!40000 ALTER TABLE `desa_lagu` DISABLE KEYS */;
INSERT INTO `desa_lagu` VALUES (1,1000,158,'a8951-lagu-desa-paginasi.png','lagu desa test','81a2f-kalimba.mp3','https://www.youtube.com/watch?v=Y6RzPqoEEJM&list=RDY6RzPqoEEJM&start_radio=1','<p>\n	<span style=\"color: rgb(0, 0, 0); font-family: Arial, Helvetica, Tahoma, Verdana, sans-serif;\">Lorem ipsum dolor sit amet, consectetuer adipiscing elit. Maecenas feugiat consequat diam. Maecenas metus. Vivamus diam purus, cursus a, commodo non, facilisis vitae, nulla. Aenean dictum lacinia tortor. Nunc iaculis, nibh non iaculis aliquam, orci felis euismod neque, sed ornare massa mauris sed velit. Nulla pretium mi et risus. Fusce mi pede, tempor id, cursus ac, ullamcorper nec, enim. Sed tortor. Curabitur molestie. Duis velit augue, condimentum at, ultrices a, luctus ut, orci. Donec pellentesque egestas eros. Integer cursus, augue in cursus faucibus, eros pede bibendum sem, in tempus tellus justo quis ligula. Etiam eget tortor. Vestibulum rutrum, est ut placerat elementum, lectus nisl aliquam velit, tempor aliquam eros nunc nonummy metus. In eros metus, gravida a, gravida sed, lobortis id, turpis. Ut ultrices, ipsum at venenatis fringilla, sem nulla lacinia tellus, eget aliquet turpis mauris non enim. Nam turpis. Suspendisse lacinia. Curabitur ac tortor ut ipsum egestas elementum. Nunc imperdiet gravida mauris.</span></p>\n',6),(3,1000,1,'a8951-lagu-desa-paginasi.png','lagu desa test','81a2f-kalimba.mp3',NULL,'<p>\n	<span style=\"color: rgb(0, 0, 0); font-family: Arial, Helvetica, Tahoma, Verdana, sans-serif;\">Lorem ipsum dolor sit amet, consectetuer adipiscing elit. Maecenas feugiat consequat diam. Maecenas metus. Vivamus diam purus, cursus a, commodo non, facilisis vitae, nulla. Aenean dictum lacinia tortor. Nunc iaculis, nibh non iaculis aliquam, orci felis euismod neque, sed ornare massa mauris sed velit. Nulla pretium mi et risus. Fusce mi pede, tempor id, cursus ac, ullamcorper nec, enim. Sed tortor. Curabitur molestie. Duis velit augue, condimentum at, ultrices a, luctus ut, orci. Donec pellentesque egestas eros. Integer cursus, augue in cursus faucibus, eros pede bibendum sem, in tempus tellus justo quis ligula. Etiam eget tortor. Vestibulum rutrum, est ut placerat elementum, lectus nisl aliquam velit, tempor aliquam eros nunc nonummy metus. In eros metus, gravida a, gravida sed, lobortis id, turpis. Ut ultrices, ipsum at venenatis fringilla, sem nulla lacinia tellus, eget aliquet turpis mauris non enim. Nam turpis. Suspendisse lacinia. Curabitur ac tortor ut ipsum egestas elementum. Nunc imperdiet gravida mauris.</span></p>\n',1),(4,1000,2,'a8951-lagu-desa-paginasi.png','lagu desa test','81a2f-kalimba.mp3',NULL,'<p>\n	<span style=\"color: rgb(0, 0, 0); font-family: Arial, Helvetica, Tahoma, Verdana, sans-serif;\">Lorem ipsum dolor sit amet, consectetuer adipiscing elit. Maecenas feugiat consequat diam. Maecenas metus. Vivamus diam purus, cursus a, commodo non, facilisis vitae, nulla. Aenean dictum lacinia tortor. Nunc iaculis, nibh non iaculis aliquam, orci felis euismod neque, sed ornare massa mauris sed velit. Nulla pretium mi et risus. Fusce mi pede, tempor id, cursus ac, ullamcorper nec, enim. Sed tortor. Curabitur molestie. Duis velit augue, condimentum at, ultrices a, luctus ut, orci. Donec pellentesque egestas eros. Integer cursus, augue in cursus faucibus, eros pede bibendum sem, in tempus tellus justo quis ligula. Etiam eget tortor. Vestibulum rutrum, est ut placerat elementum, lectus nisl aliquam velit, tempor aliquam eros nunc nonummy metus. In eros metus, gravida a, gravida sed, lobortis id, turpis. Ut ultrices, ipsum at venenatis fringilla, sem nulla lacinia tellus, eget aliquet turpis mauris non enim. Nam turpis. Suspendisse lacinia. Curabitur ac tortor ut ipsum egestas elementum. Nunc imperdiet gravida mauris.</span></p>\n',1),(5,1000,3,'a8951-lagu-desa-paginasi.png','lagu desa test','81a2f-kalimba.mp3','https://www.youtube.com/watch?v=m4voFt66Qwg','<p>\n	<span style=\"color: rgb(0, 0, 0); font-family: Arial, Helvetica, Tahoma, Verdana, sans-serif;\">Lorem ipsum dolor sit amet, consectetuer adipiscing elit. Maecenas feugiat consequat diam. Maecenas metus. Vivamus diam purus, cursus a, commodo non, facilisis vitae, nulla. Aenean dictum lacinia tortor. Nunc iaculis, nibh non iaculis aliquam, orci felis euismod neque, sed ornare massa mauris sed velit. Nulla pretium mi et risus. Fusce mi pede, tempor id, cursus ac, ullamcorper nec, enim. Sed tortor. Curabitur molestie. Duis velit augue, condimentum at, ultrices a, luctus ut, orci. Donec pellentesque egestas eros. Integer cursus, augue in cursus faucibus, eros pede bibendum sem, in tempus tellus justo quis ligula. Etiam eget tortor. Vestibulum rutrum, est ut placerat elementum, lectus nisl aliquam velit, tempor aliquam eros nunc nonummy metus. In eros metus, gravida a, gravida sed, lobortis id, turpis. Ut ultrices, ipsum at venenatis fringilla, sem nulla lacinia tellus, eget aliquet turpis mauris non enim. Nam turpis. Suspendisse lacinia. Curabitur ac tortor ut ipsum egestas elementum. Nunc imperdiet gravida mauris.</span></p>\n',3),(6,1000,4,'a8951-lagu-desa-paginasi.png','lagu desa test','81a2f-kalimba.mp3',NULL,'<p>\n	<span style=\"color: rgb(0, 0, 0); font-family: Arial, Helvetica, Tahoma, Verdana, sans-serif;\">Lorem ipsum dolor sit amet, consectetuer adipiscing elit. Maecenas feugiat consequat diam. Maecenas metus. Vivamus diam purus, cursus a, commodo non, facilisis vitae, nulla. Aenean dictum lacinia tortor. Nunc iaculis, nibh non iaculis aliquam, orci felis euismod neque, sed ornare massa mauris sed velit. Nulla pretium mi et risus. Fusce mi pede, tempor id, cursus ac, ullamcorper nec, enim. Sed tortor. Curabitur molestie. Duis velit augue, condimentum at, ultrices a, luctus ut, orci. Donec pellentesque egestas eros. Integer cursus, augue in cursus faucibus, eros pede bibendum sem, in tempus tellus justo quis ligula. Etiam eget tortor. Vestibulum rutrum, est ut placerat elementum, lectus nisl aliquam velit, tempor aliquam eros nunc nonummy metus. In eros metus, gravida a, gravida sed, lobortis id, turpis. Ut ultrices, ipsum at venenatis fringilla, sem nulla lacinia tellus, eget aliquet turpis mauris non enim. Nam turpis. Suspendisse lacinia. Curabitur ac tortor ut ipsum egestas elementum. Nunc imperdiet gravida mauris.</span></p>\n',1),(7,1000,5,'a8951-lagu-desa-paginasi.png','lagu desa test','81a2f-kalimba.mp3',NULL,'<p>\n	<span style=\"color: rgb(0, 0, 0); font-family: Arial, Helvetica, Tahoma, Verdana, sans-serif;\">Lorem ipsum dolor sit amet, consectetuer adipiscing elit. Maecenas feugiat consequat diam. Maecenas metus. Vivamus diam purus, cursus a, commodo non, facilisis vitae, nulla. Aenean dictum lacinia tortor. Nunc iaculis, nibh non iaculis aliquam, orci felis euismod neque, sed ornare massa mauris sed velit. Nulla pretium mi et risus. Fusce mi pede, tempor id, cursus ac, ullamcorper nec, enim. Sed tortor. Curabitur molestie. Duis velit augue, condimentum at, ultrices a, luctus ut, orci. Donec pellentesque egestas eros. Integer cursus, augue in cursus faucibus, eros pede bibendum sem, in tempus tellus justo quis ligula. Etiam eget tortor. Vestibulum rutrum, est ut placerat elementum, lectus nisl aliquam velit, tempor aliquam eros nunc nonummy metus. In eros metus, gravida a, gravida sed, lobortis id, turpis. Ut ultrices, ipsum at venenatis fringilla, sem nulla lacinia tellus, eget aliquet turpis mauris non enim. Nam turpis. Suspendisse lacinia. Curabitur ac tortor ut ipsum egestas elementum. Nunc imperdiet gravida mauris.</span></p>\n',1),(8,1000,6,'a8951-lagu-desa-paginasi.png','lagu desa test','81a2f-kalimba.mp3',NULL,'<p>\n	<span style=\"color: rgb(0, 0, 0); font-family: Arial, Helvetica, Tahoma, Verdana, sans-serif;\">Lorem ipsum dolor sit amet, consectetuer adipiscing elit. Maecenas feugiat consequat diam. Maecenas metus. Vivamus diam purus, cursus a, commodo non, facilisis vitae, nulla. Aenean dictum lacinia tortor. Nunc iaculis, nibh non iaculis aliquam, orci felis euismod neque, sed ornare massa mauris sed velit. Nulla pretium mi et risus. Fusce mi pede, tempor id, cursus ac, ullamcorper nec, enim. Sed tortor. Curabitur molestie. Duis velit augue, condimentum at, ultrices a, luctus ut, orci. Donec pellentesque egestas eros. Integer cursus, augue in cursus faucibus, eros pede bibendum sem, in tempus tellus justo quis ligula. Etiam eget tortor. Vestibulum rutrum, est ut placerat elementum, lectus nisl aliquam velit, tempor aliquam eros nunc nonummy metus. In eros metus, gravida a, gravida sed, lobortis id, turpis. Ut ultrices, ipsum at venenatis fringilla, sem nulla lacinia tellus, eget aliquet turpis mauris non enim. Nam turpis. Suspendisse lacinia. Curabitur ac tortor ut ipsum egestas elementum. Nunc imperdiet gravida mauris.</span></p>\n',1),(9,1000,7,'a8951-lagu-desa-paginasi.png','lagu desa test','81a2f-kalimba.mp3',NULL,'<p>\n	<span style=\"color: rgb(0, 0, 0); font-family: Arial, Helvetica, Tahoma, Verdana, sans-serif;\">Lorem ipsum dolor sit amet, consectetuer adipiscing elit. Maecenas feugiat consequat diam. Maecenas metus. Vivamus diam purus, cursus a, commodo non, facilisis vitae, nulla. Aenean dictum lacinia tortor. Nunc iaculis, nibh non iaculis aliquam, orci felis euismod neque, sed ornare massa mauris sed velit. Nulla pretium mi et risus. Fusce mi pede, tempor id, cursus ac, ullamcorper nec, enim. Sed tortor. Curabitur molestie. Duis velit augue, condimentum at, ultrices a, luctus ut, orci. Donec pellentesque egestas eros. Integer cursus, augue in cursus faucibus, eros pede bibendum sem, in tempus tellus justo quis ligula. Etiam eget tortor. Vestibulum rutrum, est ut placerat elementum, lectus nisl aliquam velit, tempor aliquam eros nunc nonummy metus. In eros metus, gravida a, gravida sed, lobortis id, turpis. Ut ultrices, ipsum at venenatis fringilla, sem nulla lacinia tellus, eget aliquet turpis mauris non enim. Nam turpis. Suspendisse lacinia. Curabitur ac tortor ut ipsum egestas elementum. Nunc imperdiet gravida mauris.</span></p>\n',1),(10,1000,8,'a8951-lagu-desa-paginasi.png','lagu desa test','81a2f-kalimba.mp3',NULL,'<p>\n	<span style=\"color: rgb(0, 0, 0); font-family: Arial, Helvetica, Tahoma, Verdana, sans-serif;\">Lorem ipsum dolor sit amet, consectetuer adipiscing elit. Maecenas feugiat consequat diam. Maecenas metus. Vivamus diam purus, cursus a, commodo non, facilisis vitae, nulla. Aenean dictum lacinia tortor. Nunc iaculis, nibh non iaculis aliquam, orci felis euismod neque, sed ornare massa mauris sed velit. Nulla pretium mi et risus. Fusce mi pede, tempor id, cursus ac, ullamcorper nec, enim. Sed tortor. Curabitur molestie. Duis velit augue, condimentum at, ultrices a, luctus ut, orci. Donec pellentesque egestas eros. Integer cursus, augue in cursus faucibus, eros pede bibendum sem, in tempus tellus justo quis ligula. Etiam eget tortor. Vestibulum rutrum, est ut placerat elementum, lectus nisl aliquam velit, tempor aliquam eros nunc nonummy metus. In eros metus, gravida a, gravida sed, lobortis id, turpis. Ut ultrices, ipsum at venenatis fringilla, sem nulla lacinia tellus, eget aliquet turpis mauris non enim. Nam turpis. Suspendisse lacinia. Curabitur ac tortor ut ipsum egestas elementum. Nunc imperdiet gravida mauris.</span></p>\n',1),(11,1000,9,'a8951-lagu-desa-paginasi.png','lagu desa test','81a2f-kalimba.mp3',NULL,'<p>\n	<span style=\"color: rgb(0, 0, 0); font-family: Arial, Helvetica, Tahoma, Verdana, sans-serif;\">Lorem ipsum dolor sit amet, consectetuer adipiscing elit. Maecenas feugiat consequat diam. Maecenas metus. Vivamus diam purus, cursus a, commodo non, facilisis vitae, nulla. Aenean dictum lacinia tortor. Nunc iaculis, nibh non iaculis aliquam, orci felis euismod neque, sed ornare massa mauris sed velit. Nulla pretium mi et risus. Fusce mi pede, tempor id, cursus ac, ullamcorper nec, enim. Sed tortor. Curabitur molestie. Duis velit augue, condimentum at, ultrices a, luctus ut, orci. Donec pellentesque egestas eros. Integer cursus, augue in cursus faucibus, eros pede bibendum sem, in tempus tellus justo quis ligula. Etiam eget tortor. Vestibulum rutrum, est ut placerat elementum, lectus nisl aliquam velit, tempor aliquam eros nunc nonummy metus. In eros metus, gravida a, gravida sed, lobortis id, turpis. Ut ultrices, ipsum at venenatis fringilla, sem nulla lacinia tellus, eget aliquet turpis mauris non enim. Nam turpis. Suspendisse lacinia. Curabitur ac tortor ut ipsum egestas elementum. Nunc imperdiet gravida mauris.</span></p>\n',1),(12,1000,10,'a8951-lagu-desa-paginasi.png','lagu desa test','81a2f-kalimba.mp3',NULL,'<p>\n	<span style=\"color: rgb(0, 0, 0); font-family: Arial, Helvetica, Tahoma, Verdana, sans-serif;\">Lorem ipsum dolor sit amet, consectetuer adipiscing elit. Maecenas feugiat consequat diam. Maecenas metus. Vivamus diam purus, cursus a, commodo non, facilisis vitae, nulla. Aenean dictum lacinia tortor. Nunc iaculis, nibh non iaculis aliquam, orci felis euismod neque, sed ornare massa mauris sed velit. Nulla pretium mi et risus. Fusce mi pede, tempor id, cursus ac, ullamcorper nec, enim. Sed tortor. Curabitur molestie. Duis velit augue, condimentum at, ultrices a, luctus ut, orci. Donec pellentesque egestas eros. Integer cursus, augue in cursus faucibus, eros pede bibendum sem, in tempus tellus justo quis ligula. Etiam eget tortor. Vestibulum rutrum, est ut placerat elementum, lectus nisl aliquam velit, tempor aliquam eros nunc nonummy metus. In eros metus, gravida a, gravida sed, lobortis id, turpis. Ut ultrices, ipsum at venenatis fringilla, sem nulla lacinia tellus, eget aliquet turpis mauris non enim. Nam turpis. Suspendisse lacinia. Curabitur ac tortor ut ipsum egestas elementum. Nunc imperdiet gravida mauris.</span></p>\n',1),(13,1000,11,'a8951-lagu-desa-paginasi.png','lagu desa test','81a2f-kalimba.mp3',NULL,'<p>\n	<span style=\"color: rgb(0, 0, 0); font-family: Arial, Helvetica, Tahoma, Verdana, sans-serif;\">Lorem ipsum dolor sit amet, consectetuer adipiscing elit. Maecenas feugiat consequat diam. Maecenas metus. Vivamus diam purus, cursus a, commodo non, facilisis vitae, nulla. Aenean dictum lacinia tortor. Nunc iaculis, nibh non iaculis aliquam, orci felis euismod neque, sed ornare massa mauris sed velit. Nulla pretium mi et risus. Fusce mi pede, tempor id, cursus ac, ullamcorper nec, enim. Sed tortor. Curabitur molestie. Duis velit augue, condimentum at, ultrices a, luctus ut, orci. Donec pellentesque egestas eros. Integer cursus, augue in cursus faucibus, eros pede bibendum sem, in tempus tellus justo quis ligula. Etiam eget tortor. Vestibulum rutrum, est ut placerat elementum, lectus nisl aliquam velit, tempor aliquam eros nunc nonummy metus. In eros metus, gravida a, gravida sed, lobortis id, turpis. Ut ultrices, ipsum at venenatis fringilla, sem nulla lacinia tellus, eget aliquet turpis mauris non enim. Nam turpis. Suspendisse lacinia. Curabitur ac tortor ut ipsum egestas elementum. Nunc imperdiet gravida mauris.</span></p>\n',2),(14,1000,12,'a8951-lagu-desa-paginasi.png','lagu desa test','81a2f-kalimba.mp3',NULL,'<p>\n	<span style=\"color: rgb(0, 0, 0); font-family: Arial, Helvetica, Tahoma, Verdana, sans-serif;\">Lorem ipsum dolor sit amet, consectetuer adipiscing elit. Maecenas feugiat consequat diam. Maecenas metus. Vivamus diam purus, cursus a, commodo non, facilisis vitae, nulla. Aenean dictum lacinia tortor. Nunc iaculis, nibh non iaculis aliquam, orci felis euismod neque, sed ornare massa mauris sed velit. Nulla pretium mi et risus. Fusce mi pede, tempor id, cursus ac, ullamcorper nec, enim. Sed tortor. Curabitur molestie. Duis velit augue, condimentum at, ultrices a, luctus ut, orci. Donec pellentesque egestas eros. Integer cursus, augue in cursus faucibus, eros pede bibendum sem, in tempus tellus justo quis ligula. Etiam eget tortor. Vestibulum rutrum, est ut placerat elementum, lectus nisl aliquam velit, tempor aliquam eros nunc nonummy metus. In eros metus, gravida a, gravida sed, lobortis id, turpis. Ut ultrices, ipsum at venenatis fringilla, sem nulla lacinia tellus, eget aliquet turpis mauris non enim. Nam turpis. Suspendisse lacinia. Curabitur ac tortor ut ipsum egestas elementum. Nunc imperdiet gravida mauris.</span></p>\n',1),(15,1000,13,'a8951-lagu-desa-paginasi.png','lagu desa test','81a2f-kalimba.mp3',NULL,'<p>\n	<span style=\"color: rgb(0, 0, 0); font-family: Arial, Helvetica, Tahoma, Verdana, sans-serif;\">Lorem ipsum dolor sit amet, consectetuer adipiscing elit. Maecenas feugiat consequat diam. Maecenas metus. Vivamus diam purus, cursus a, commodo non, facilisis vitae, nulla. Aenean dictum lacinia tortor. Nunc iaculis, nibh non iaculis aliquam, orci felis euismod neque, sed ornare massa mauris sed velit. Nulla pretium mi et risus. Fusce mi pede, tempor id, cursus ac, ullamcorper nec, enim. Sed tortor. Curabitur molestie. Duis velit augue, condimentum at, ultrices a, luctus ut, orci. Donec pellentesque egestas eros. Integer cursus, augue in cursus faucibus, eros pede bibendum sem, in tempus tellus justo quis ligula. Etiam eget tortor. Vestibulum rutrum, est ut placerat elementum, lectus nisl aliquam velit, tempor aliquam eros nunc nonummy metus. In eros metus, gravida a, gravida sed, lobortis id, turpis. Ut ultrices, ipsum at venenatis fringilla, sem nulla lacinia tellus, eget aliquet turpis mauris non enim. Nam turpis. Suspendisse lacinia. Curabitur ac tortor ut ipsum egestas elementum. Nunc imperdiet gravida mauris.</span></p>\n',1),(16,1000,14,'a8951-lagu-desa-paginasi.png','lagu desa test','81a2f-kalimba.mp3',NULL,'<p>\n	<span style=\"color: rgb(0, 0, 0); font-family: Arial, Helvetica, Tahoma, Verdana, sans-serif;\">Lorem ipsum dolor sit amet, consectetuer adipiscing elit. Maecenas feugiat consequat diam. Maecenas metus. Vivamus diam purus, cursus a, commodo non, facilisis vitae, nulla. Aenean dictum lacinia tortor. Nunc iaculis, nibh non iaculis aliquam, orci felis euismod neque, sed ornare massa mauris sed velit. Nulla pretium mi et risus. Fusce mi pede, tempor id, cursus ac, ullamcorper nec, enim. Sed tortor. Curabitur molestie. Duis velit augue, condimentum at, ultrices a, luctus ut, orci. Donec pellentesque egestas eros. Integer cursus, augue in cursus faucibus, eros pede bibendum sem, in tempus tellus justo quis ligula. Etiam eget tortor. Vestibulum rutrum, est ut placerat elementum, lectus nisl aliquam velit, tempor aliquam eros nunc nonummy metus. In eros metus, gravida a, gravida sed, lobortis id, turpis. Ut ultrices, ipsum at venenatis fringilla, sem nulla lacinia tellus, eget aliquet turpis mauris non enim. Nam turpis. Suspendisse lacinia. Curabitur ac tortor ut ipsum egestas elementum. Nunc imperdiet gravida mauris.</span></p>\n',1);
/*!40000 ALTER TABLE `desa_lagu` ENABLE KEYS */;
UNLOCK TABLES;

--
-- Table structure for table `desa_umkm`
--

DROP TABLE IF EXISTS `desa_umkm`;
/*!40101 SET @saved_cs_client     = @@character_set_client */;
/*!40101 SET character_set_client = utf8 */;
CREATE TABLE `desa_umkm` (
  `id_umkm` int(11) NOT NULL AUTO_INCREMENT,
  `no_urut` int(11) NOT NULL,
  `id_desa` int(11) DEFAULT NULL,
  `nama_umkm` varchar(50) DEFAULT NULL,
  `foto1` varchar(200) DEFAULT NULL,
  `foto2` varchar(200) DEFAULT NULL,
  `foto3` varchar(200) DEFAULT NULL,
  `url_website_umkm` varchar(200) DEFAULT NULL,
  `phone` varchar(200) DEFAULT NULL,
  `email` varchar(200) DEFAULT NULL,
  `content` text DEFAULT NULL,
  `maps` text DEFAULT NULL,
  PRIMARY KEY (`id_umkm`)
) ENGINE=InnoDB AUTO_INCREMENT=3 DEFAULT CHARSET=utf8mb4;
/*!40101 SET character_set_client = @saved_cs_client */;

--
-- Dumping data for table `desa_umkm`
--

LOCK TABLES `desa_umkm` WRITE;
/*!40000 ALTER TABLE `desa_umkm` DISABLE KEYS */;
INSERT INTO `desa_umkm` VALUES (1,1000,1,'Nama Usaha','a1f67-koala.jpg','db618-penguins.jpg','20a89-tulips.jpg','sdfasd',NULL,NULL,'<p>\n	<span font-size:=\"\" open=\"\" style=\"color: rgb(0, 0, 0); font-family: \" text-align:=\"\">Lorem ipsum dolor sit amet, consectetur adipiscing elit, sed do eiusmod tempor incididunt ut labore et dolore magna aliqua. Ut enim ad minim veniam, quis nostrud exercitation ullamco laboris nisi ut aliquip ex ea commodo consequat. Duis aute irure dolor in reprehenderit in voluptate velit esse cillum dolore eu fugiat nulla pariatur. Excepteur sint occaecat cupidatat non proident, sunt in culpa qui officia deserunt mollit anim id est laborum.</span></p>\n','<iframe src=\"https://www.google.com/maps/embed?pb=!1m18!1m12!1m3!1d1174.1417390688725!2d113.70213917188936!3d-8.169842481027649!2m3!1f0!2f0!3f0!3m2!1i1024!2i768!4f13.1!3m3!1m2!1s0x2dd6943a42369d8f%3A0x8bd003425ec58c76!2sAlun%20Alun%20Kota%20Jember!5e0!3m2!1sid!2sid!4v1628132671334!5m2!1sid!2sid\" width=\"600\" height=\"450\" style=\"border:0;\" allowfullscreen=\"\" loading=\"lazy\"></iframe>'),(2,1000,234,'Kopi Silo','8f794-img_20210605_131157.jpg','b15cb-img_20210605_131215.jpg',NULL,'https://id.wikipedia.org/','+6285330067932','harits.wahyu.hid@gmail.com','<p>\n	<span style=\"color: rgb(0, 0, 0); font-family: Arial, Helvetica, Tahoma, Verdana, sans-serif;\">Lorem ipsum dolor sit amet, consectetuer adipiscing elit. Maecenas feugiat consequat diam. Maecenas metus. Vivamus diam purus, cursus a, commodo non, facilisis vitae, nulla. Aenean dictum lacinia tortor. Nunc iaculis, nibh non iaculis aliquam, orci felis euismod neque, sed ornare massa mauris sed velit. Nulla pretium mi et risus. Fusce mi pede, tempor id, cursus ac, ullamcorper nec, enim. Sed tortor. Curabitur molestie. Duis velit augue, condimentum at, ultrices a, luctus ut, orci. Donec pellentesque egestas eros. Integer cursus, augue in cursus faucibus, eros pede bibendum sem, in tempus tellus justo quis ligula. Etiam eget tortor. Vestibulum rutrum, est ut placerat elementum, lectus nisl aliquam velit, tempor aliquam eros nunc nonummy metus. In eros metus, gravida a, gravida sed, lobortis id, turpis. Ut ultrices, ipsum at venenatis fringilla, sem nulla lacinia tellus, eget aliquet turpis mauris non enim. Nam turpis. Suspendisse lacinia. Curabitur ac tortor ut ipsum egestas elementum. Nunc imperdiet gravida mauris.</span></p>\n','<iframe src=\"https://www.google.com/maps/embed?pb=!1m18!1m12!1m3!1d1174.1417390688725!2d113.70213917188936!3d-8.169842481027649!2m3!1f0!2f0!3f0!3m2!1i1024!2i768!4f13.1!3m3!1m2!1s0x2dd6943a42369d8f%3A0x8bd003425ec58c76!2sAlun%20Alun%20Kota%20Jember!5e0!3m2!1sid!2sid!4v1628132671334!5m2!1sid!2sid\" width=\"600\" height=\"450\" style=\"border:0;\" allowfullscreen=\"\" loading=\"lazy\"></iframe>');
/*!40000 ALTER TABLE `desa_umkm` ENABLE KEYS */;
UNLOCK TABLES;

--
-- Table structure for table `desa_wisata`
--

DROP TABLE IF EXISTS `desa_wisata`;
/*!40101 SET @saved_cs_client     = @@character_set_client */;
/*!40101 SET character_set_client = utf8 */;
CREATE TABLE `desa_wisata` (
  `id_wisata` int(11) NOT NULL AUTO_INCREMENT,
  `no_urut` int(11) NOT NULL,
  `id_desa` int(11) DEFAULT NULL,
  `nama_wisata` varchar(200) DEFAULT NULL,
  `foto1` varchar(200) DEFAULT NULL,
  `foto2` varchar(200) DEFAULT NULL,
  `foto3` varchar(200) DEFAULT NULL,
  `content` text DEFAULT NULL,
  `maps` text DEFAULT NULL,
  PRIMARY KEY (`id_wisata`)
) ENGINE=InnoDB AUTO_INCREMENT=4 DEFAULT CHARSET=utf8mb4;
/*!40101 SET character_set_client = @saved_cs_client */;

--
-- Dumping data for table `desa_wisata`
--

LOCK TABLES `desa_wisata` WRITE;
/*!40000 ALTER TABLE `desa_wisata` DISABLE KEYS */;
INSERT INTO `desa_wisata` VALUES (1,1000,158,'Wisata Desa Test','ed2bd-motif-batik-bali-768x429.jpg','dc9c4-motif-batik-bali-768x429.jpg','8c14d-motif-batik-bali-768x429.jpg','<p>\n	<span style=\"color: rgb(0, 0, 0); font-family: Arial, Helvetica, Tahoma, Verdana, sans-serif;\">Lorem ipsum dolor sit amet, consectetuer adipiscing elit. Maecenas feugiat consequat diam. Maecenas metus. Vivamus diam purus, cursus a, commodo non, facilisis vitae, nulla. Aenean dictum lacinia tortor. Nunc iaculis, nibh non iaculis aliquam, orci felis euismod neque, sed ornare massa mauris sed velit. Nulla pretium mi et risus. Fusce mi pede, tempor id, cursus ac, ullamcorper nec, enim. Sed tortor. Curabitur molestie. Duis velit augue, condimentum at, ultrices a, luctus ut, orci. Donec pellentesque egestas eros. Integer cursus, augue in cursus faucibus, eros pede bibendum sem, in tempus tellus justo quis ligula. Etiam eget tortor. Vestibulum rutrum, est ut placerat elementum, lectus nisl aliquam velit, tempor aliquam eros nunc nonummy metus. In eros metus, gravida a, gravida sed, lobortis id, turpis. Ut ultrices, ipsum at venenatis fringilla, sem nulla lacinia tellus, eget aliquet turpis mauris non enim. Nam turpis. Suspendisse lacinia. Curabitur ac tortor ut ipsum egestas elementum. Nunc imperdiet gravida mauris.</span></p>\n',NULL);
/*!40000 ALTER TABLE `desa_wisata` ENABLE KEYS */;
UNLOCK TABLES;

--
-- Table structure for table `kecamatan`
--

DROP TABLE IF EXISTS `kecamatan`;
/*!40101 SET @saved_cs_client     = @@character_set_client */;
/*!40101 SET character_set_client = utf8 */;
CREATE TABLE `kecamatan` (
  `id_kecamatan` varchar(50) NOT NULL,
  `nama_kecamatan` varchar(200) DEFAULT NULL,
  `foto_kecamatan` varchar(200) DEFAULT NULL,
  PRIMARY KEY (`id_kecamatan`)
) ENGINE=InnoDB DEFAULT CHARSET=utf8mb4;
/*!40101 SET character_set_client = @saved_cs_client */;

--
-- Dumping data for table `kecamatan`
--

LOCK TABLES `kecamatan` WRITE;
/*!40000 ALTER TABLE `kecamatan` DISABLE KEYS */;
INSERT INTO `kecamatan` VALUES ('35.9.01','Jombang',NULL),('35.9.02','Kencong',NULL),('35.9.03','Sumber Baru',NULL),('35.9.04','Gumuk Mas',NULL),('35.9.05','Umbulsari',NULL),('35.9.06','Tanggul',NULL),('35.9.07','Semboro',NULL),('35.9.08','Puger',NULL),('35.9.09','Bangsalsari',NULL),('35.9.10','Balung',NULL),('35.9.11','Wuluhan',NULL),('35.9.12','Ambulu',NULL),('35.9.13','Rambipuji',NULL),('35.9.14','Panti',NULL),('35.9.15','Sukorambi',NULL),('35.9.16','Jenggawah',NULL),('35.9.17','Ajung',NULL),('35.9.18','Tempurejo',NULL),('35.9.19','Kaliwates',NULL),('35.9.20','Patrang',NULL),('35.9.21','Sumbersari',NULL),('35.9.22','Arjasa',NULL),('35.9.23','Mumbulsari',NULL),('35.9.24','Pakusari',NULL),('35.9.25','Jelbuk',NULL),('35.9.26','Mayang',NULL),('35.9.27','Kalisat',NULL),('35.9.28','Ledokombo',NULL),('35.9.29','Sukowono',NULL),('35.9.30','Silo',NULL),('35.9.31','Sumberjambe',NULL);
/*!40000 ALTER TABLE `kecamatan` ENABLE KEYS */;
UNLOCK TABLES;

--
-- Table structure for table `slider`
--

DROP TABLE IF EXISTS `slider`;
/*!40101 SET @saved_cs_client     = @@character_set_client */;
/*!40101 SET character_set_client = utf8 */;
CREATE TABLE `slider` (
  `id_slider` int(11) NOT NULL AUTO_INCREMENT,
  `img` varchar(50) DEFAULT NULL,
  `title` varchar(50) DEFAULT NULL,
  `sub_title` varchar(200) DEFAULT NULL,
  PRIMARY KEY (`id_slider`)
) ENGINE=InnoDB AUTO_INCREMENT=4 DEFAULT CHARSET=utf8mb4;
/*!40101 SET character_set_client = @saved_cs_client */;

--
-- Dumping data for table `slider`
--

LOCK TABLES `slider` WRITE;
/*!40000 ALTER TABLE `slider` DISABLE KEYS */;
INSERT INTO `slider` VALUES (1,'72b60-slide-1.jpg','Jember Fashin Carnaval','Even karnaval busana yang setiap tahun digelar di Kabupaten Jember'),(2,'bfb0a-slide-2.jpg','Puncak Rembangan ','Wisata Panorama Puncak Kaki Gunung Argopuro'),(3,'8af2f-slide-3.jpg','Pantai Papuma','Pantai yang menyajikan keindahan pasir putih dan panorama menawan');
/*!40000 ALTER TABLE `slider` ENABLE KEYS */;
UNLOCK TABLES;

--
-- Table structure for table `sprites`
--

DROP TABLE IF EXISTS `sprites`;
/*!40101 SET @saved_cs_client     = @@character_set_client */;
/*!40101 SET character_set_client = utf8 */;
CREATE TABLE `sprites` (
  `id_sprites` int(11) NOT NULL AUTO_INCREMENT,
  `name` varchar(50) DEFAULT NULL,
  `img` varchar(200) DEFAULT NULL,
  `caption` text DEFAULT NULL,
  `is_text` enum('Y','N') NOT NULL DEFAULT 'N',
  PRIMARY KEY (`id_sprites`)
) ENGINE=InnoDB AUTO_INCREMENT=6 DEFAULT CHARSET=utf8mb4;
/*!40101 SET character_set_client = @saved_cs_client */;

--
-- Dumping data for table `sprites`
--

LOCK TABLES `sprites` WRITE;
/*!40000 ALTER TABLE `sprites` DISABLE KEYS */;
INSERT INTO `sprites` VALUES (1,'top_header','3b3cf-logo-header.png','PEMERINTAH KABUPATEN JEMBER','N'),(2,'mid_header','b3abd-logo_baner.png','<h1>Jember Ekonomi Kreatif</h1>\n<h5>Bersama Pemuda Jember Membangun Ekonomi Kreatif</h5>','N'),(3,'banner','e0b0f-motif-batik-bali-768x429.jpg',NULL,'N'),(4,'footer','63f1b-logofooter.png','<p>Jl. Dewi Sartika No.54, Kepatihan, Kecamatan Kaliwates,\n Kabupaten Jember, Jawa Timur (68131)<br></p>\n<p> <i class=\"fas fa-envelope\"></i> diskominfo@jemberkab.go.id</p>\n<p> <i class=\"fas fa-phone-square-alt\"></i> (0331) - 5102507</p>','N');
/*!40000 ALTER TABLE `sprites` ENABLE KEYS */;
UNLOCK TABLES;

--
-- Final view structure for view `desa_kecamatan`
--

/*!50001 DROP TABLE IF EXISTS `desa_kecamatan`*/;
/*!50001 DROP VIEW IF EXISTS `desa_kecamatan`*/;
/*!50001 SET @saved_cs_client          = @@character_set_client */;
/*!50001 SET @saved_cs_results         = @@character_set_results */;
/*!50001 SET @saved_col_connection     = @@collation_connection */;
/*!50001 SET character_set_client      = utf8mb4 */;
/*!50001 SET character_set_results     = utf8mb4 */;
/*!50001 SET collation_connection      = utf8mb4_general_ci */;
/*!50001 CREATE ALGORITHM=UNDEFINED */
/*!50013 DEFINER=`root`@`localhost` SQL SECURITY DEFINER */
/*!50001 VIEW `desa_kecamatan` AS select `desa`.`id_desa` AS `id_desa`,`desa`.`nama_desa` AS `nama_desa`,`kecamatan`.`id_kecamatan` AS `id_kecamatan`,`kecamatan`.`nama_kecamatan` AS `nama_kecamatan` from (`desa` left join `kecamatan` on(`kecamatan`.`id_kecamatan` = `desa`.`id_kecamatan`)) */;
/*!50001 SET character_set_client      = @saved_cs_client */;
/*!50001 SET character_set_results     = @saved_cs_results */;
/*!50001 SET collation_connection      = @saved_col_connection */;
/*!40103 SET TIME_ZONE=@OLD_TIME_ZONE */;

/*!40101 SET SQL_MODE=@OLD_SQL_MODE */;
/*!40014 SET FOREIGN_KEY_CHECKS=@OLD_FOREIGN_KEY_CHECKS */;
/*!40014 SET UNIQUE_CHECKS=@OLD_UNIQUE_CHECKS */;
/*!40101 SET CHARACTER_SET_CLIENT=@OLD_CHARACTER_SET_CLIENT */;
/*!40101 SET CHARACTER_SET_RESULTS=@OLD_CHARACTER_SET_RESULTS */;
/*!40101 SET COLLATION_CONNECTION=@OLD_COLLATION_CONNECTION */;
/*!40111 SET SQL_NOTES=@OLD_SQL_NOTES */;

-- Dump completed on 2021-09-08  8:19:08
